{
  "fio version" : "fio-3.36-103-gb140f",
  "timestamp" : 1714348165,
  "timestamp_ms" : 1714348165820,
  "time" : "Sun Apr 28 19:49:25 2024",
  "global options" : {
    "numjobs" : "10",
    "zonemode" : "zbd",
    "job_max_open_zones" : "1",
    "direct" : "1",
    "buffered" : "0",
    "group_reporting" : "1",
    "bs" : "16k",
    "filename" : "/dev/nvme0n2"
  },
  "jobs" : [
    {
      "jobname" : "read",
      "groupid" : 0,
      "job_start" : 1714348156818,
      "error" : 0,
      "eta" : 0,
      "elapsed" : 10,
      "job options" : {
        "ioengine" : "sync",
        "iodepth" : "1",
        "io_size" : "1077m",
        "size" : "1z",
        "rw" : "randread",
        "offset_increment" : "1z"
      },
      "read" : {
        "io_bytes" : 11293163520,
        "io_kbytes" : 11028480,
        "bw_bytes" : 1257450564,
        "bw" : 1227979,
        "iops" : 76748.691682,
        "runtime" : 8981,
        "total_ios" : 689280,
        "short_ios" : 0,
        "drop_ios" : 0,
        "slat_ns" : {
          "min" : 0,
          "max" : 0,
          "mean" : 0.000000,
          "stddev" : 0.000000,
          "N" : 0
        },
        "clat_ns" : {
          "min" : 55061,
          "max" : 547693,
          "mean" : 129746.470505,
          "stddev" : 31203.154738,
          "N" : 689280,
          "percentile" : {
            "1.000000" : 101888,
            "5.000000" : 103936,
            "10.000000" : 104960,
            "20.000000" : 107008,
            "30.000000" : 110080,
            "40.000000" : 115200,
            "50.000000" : 118272,
            "60.000000" : 123392,
            "70.000000" : 134144,
            "80.000000" : 146432,
            "90.000000" : 173056,
            "95.000000" : 193536,
            "99.000000" : 244736,
            "99.500000" : 268288,
            "99.900000" : 317440,
            "99.950000" : 337920,
            "99.990000" : 382976
          }
        },
        "lat_ns" : {
          "min" : 55084,
          "max" : 547716,
          "mean" : 129769.311511,
          "stddev" : 31203.442395,
          "N" : 689280
        },
        "bw_min" : 1220096,
        "bw_max" : 1238176,
        "bw_agg" : 100.000000,
        "bw_mean" : 1229805.176471,
        "bw_dev" : 456.263894,
        "bw_samples" : 170,
        "iops_min" : 76256,
        "iops_max" : 77386,
        "iops_mean" : 76862.823529,
        "iops_stddev" : 28.516493,
        "iops_samples" : 170
      },
      "write" : {
        "io_bytes" : 0,
        "io_kbytes" : 0,
        "bw_bytes" : 0,
        "bw" : 0,
        "iops" : 0.000000,
        "runtime" : 0,
        "total_ios" : 0,
        "short_ios" : 0,
        "drop_ios" : 0,
        "slat_ns" : {
          "min" : 0,
          "max" : 0,
          "mean" : 0.000000,
          "stddev" : 0.000000,
          "N" : 0
        },
        "clat_ns" : {
          "min" : 0,
          "max" : 0,
          "mean" : 0.000000,
          "stddev" : 0.000000,
          "N" : 0
        },
        "lat_ns" : {
          "min" : 0,
          "max" : 0,
          "mean" : 0.000000,
          "stddev" : 0.000000,
          "N" : 0
        },
        "bw_min" : 0,
        "bw_max" : 0,
        "bw_agg" : 0.000000,
        "bw_mean" : 0.000000,
        "bw_dev" : 0.000000,
        "bw_samples" : 0,
        "iops_min" : 0,
        "iops_max" : 0,
        "iops_mean" : 0.000000,
        "iops_stddev" : 0.000000,
        "iops_samples" : 0
      },
      "trim" : {
        "io_bytes" : 0,
        "io_kbytes" : 0,
        "bw_bytes" : 0,
        "bw" : 0,
        "iops" : 0.000000,
        "runtime" : 0,
        "total_ios" : 0,
        "short_ios" : 0,
        "drop_ios" : 0,
        "slat_ns" : {
          "min" : 0,
          "max" : 0,
          "mean" : 0.000000,
          "stddev" : 0.000000,
          "N" : 0
        },
        "clat_ns" : {
          "min" : 0,
          "max" : 0,
          "mean" : 0.000000,
          "stddev" : 0.000000,
          "N" : 0
        },
        "lat_ns" : {
          "min" : 0,
          "max" : 0,
          "mean" : 0.000000,
          "stddev" : 0.000000,
          "N" : 0
        },
        "bw_min" : 0,
        "bw_max" : 0,
        "bw_agg" : 0.000000,
        "bw_mean" : 0.000000,
        "bw_dev" : 0.000000,
        "bw_samples" : 0,
        "iops_min" : 0,
        "iops_max" : 0,
        "iops_mean" : 0.000000,
        "iops_stddev" : 0.000000,
        "iops_samples" : 0
      },
      "sync" : {
        "total_ios" : 0,
        "lat_ns" : {
          "min" : 0,
          "max" : 0,
          "mean" : 0.000000,
          "stddev" : 0.000000,
          "N" : 0
        }
      },
      "job_runtime" : 89674,
      "usr_cpu" : 0.497357,
      "sys_cpu" : 1.517720,
      "ctx" : 1383977,
      "majf" : 0,
      "minf" : 174,
      "iodepth_level" : {
        "1" : 100.000000,
        "2" : 0.000000,
        "4" : 0.000000,
        "8" : 0.000000,
        "16" : 0.000000,
        "32" : 0.000000,
        ">=64" : 0.000000
      },
      "iodepth_submit" : {
        "0" : 0.000000,
        "4" : 100.000000,
        "8" : 0.000000,
        "16" : 0.000000,
        "32" : 0.000000,
        "64" : 0.000000,
        ">=64" : 0.000000
      },
      "iodepth_complete" : {
        "0" : 0.000000,
        "4" : 100.000000,
        "8" : 0.000000,
        "16" : 0.000000,
        "32" : 0.000000,
        "64" : 0.000000,
        ">=64" : 0.000000
      },
      "latency_ns" : {
        "2" : 0.000000,
        "4" : 0.000000,
        "10" : 0.000000,
        "20" : 0.000000,
        "50" : 0.000000,
        "100" : 0.000000,
        "250" : 0.000000,
        "500" : 0.000000,
        "750" : 0.000000,
        "1000" : 0.000000
      },
      "latency_us" : {
        "2" : 0.000000,
        "4" : 0.000000,
        "10" : 0.000000,
        "20" : 0.000000,
        "50" : 0.000000,
        "100" : 0.010000,
        "250" : 99.119951,
        "500" : 0.876422,
        "750" : 0.010000,
        "1000" : 0.000000
      },
      "latency_ms" : {
        "2" : 0.000000,
        "4" : 0.000000,
        "10" : 0.000000,
        "20" : 0.000000,
        "50" : 0.000000,
        "100" : 0.000000,
        "250" : 0.000000,
        "500" : 0.000000,
        "750" : 0.000000,
        "1000" : 0.000000,
        "2000" : 0.000000,
        ">=2000" : 0.000000
      },
      "latency_depth" : 1,
      "latency_target" : 0,
      "latency_percentile" : 100.000000,
      "latency_window" : 0
    }
  ],
  "disk_util" : [
    {
      "name" : "nvme0n2",
      "read_ios" : 683175,
      "write_ios" : 0,
      "read_sectors" : 21861600,
      "write_sectors" : 0,
      "read_merges" : 0,
      "write_merges" : 0,
      "read_ticks" : 87481,
      "write_ticks" : 0,
      "in_queue" : 87481,
      "util" : 98.909900
    }
  ]
}
