{
  "fio version" : "fio-3.36-103-gb140f",
  "timestamp" : 1712042280,
  "timestamp_ms" : 1712042280351,
  "time" : "Tue Apr  2 03:18:00 2024",
  "global options" : {
    "iodepth" : "1",
    "numjobs" : "1",
    "zonemode" : "zbd",
    "job_max_open_zones" : "1",
    "direct" : "1",
    "buffered" : "0",
    "group_reporting" : "1",
    "bs" : "4k",
    "filename" : "/dev/nvme0n2"
  },
  "jobs" : [
    {
      "jobname" : "write",
      "groupid" : 0,
      "job_start" : 1712042259458,
      "error" : 0,
      "eta" : 0,
      "elapsed" : 22,
      "job options" : {
        "ioscheduler" : "mq-deadline",
        "ioengine" : "io_uring",
        "io_size" : "1077m",
        "size" : "1z",
        "rw" : "randread",
        "sqthread_poll" : "1"
      },
      "read" : {
        "io_bytes" : 1129316352,
        "io_kbytes" : 1102848,
        "bw_bytes" : 54192444,
        "bw" : 52922,
        "iops" : 13230.577283,
        "runtime" : 20839,
        "total_ios" : 275712,
        "short_ios" : 0,
        "drop_ios" : 0,
        "slat_ns" : {
          "min" : 0,
          "max" : 0,
          "mean" : 0.000000,
          "stddev" : 0.000000,
          "N" : 0
        },
        "clat_ns" : {
          "min" : 24718,
          "max" : 6813332,
          "mean" : 75319.731814,
          "stddev" : 23187.441018,
          "N" : 275712,
          "percentile" : {
            "1.000000" : 69120,
            "5.000000" : 69120,
            "10.000000" : 70144,
            "20.000000" : 70144,
            "30.000000" : 71168,
            "40.000000" : 71168,
            "50.000000" : 72192,
            "60.000000" : 72192,
            "70.000000" : 82432,
            "80.000000" : 83456,
            "90.000000" : 83456,
            "95.000000" : 84480,
            "99.000000" : 85504,
            "99.500000" : 90624,
            "99.900000" : 103936,
            "99.950000" : 104960,
            "99.990000" : 127488
          }
        },
        "lat_ns" : {
          "min" : 24829,
          "max" : 6821377,
          "mean" : 75369.853655,
          "stddev" : 23195.863590,
          "N" : 275712
        },
        "bw_min" : 47480,
        "bw_max" : 53712,
        "bw_agg" : 100.000000,
        "bw_mean" : 52938.439024,
        "bw_dev" : 963.563206,
        "bw_samples" : 41,
        "iops_min" : 11870,
        "iops_max" : 13428,
        "iops_mean" : 13234.560976,
        "iops_stddev" : 240.883172,
        "iops_samples" : 41
      },
      "write" : {
        "io_bytes" : 0,
        "io_kbytes" : 0,
        "bw_bytes" : 0,
        "bw" : 0,
        "iops" : 0.000000,
        "runtime" : 0,
        "total_ios" : 0,
        "short_ios" : 0,
        "drop_ios" : 0,
        "slat_ns" : {
          "min" : 0,
          "max" : 0,
          "mean" : 0.000000,
          "stddev" : 0.000000,
          "N" : 0
        },
        "clat_ns" : {
          "min" : 0,
          "max" : 0,
          "mean" : 0.000000,
          "stddev" : 0.000000,
          "N" : 0
        },
        "lat_ns" : {
          "min" : 0,
          "max" : 0,
          "mean" : 0.000000,
          "stddev" : 0.000000,
          "N" : 0
        },
        "bw_min" : 0,
        "bw_max" : 0,
        "bw_agg" : 0.000000,
        "bw_mean" : 0.000000,
        "bw_dev" : 0.000000,
        "bw_samples" : 0,
        "iops_min" : 0,
        "iops_max" : 0,
        "iops_mean" : 0.000000,
        "iops_stddev" : 0.000000,
        "iops_samples" : 0
      },
      "trim" : {
        "io_bytes" : 0,
        "io_kbytes" : 0,
        "bw_bytes" : 0,
        "bw" : 0,
        "iops" : 0.000000,
        "runtime" : 0,
        "total_ios" : 0,
        "short_ios" : 0,
        "drop_ios" : 0,
        "slat_ns" : {
          "min" : 0,
          "max" : 0,
          "mean" : 0.000000,
          "stddev" : 0.000000,
          "N" : 0
        },
        "clat_ns" : {
          "min" : 0,
          "max" : 0,
          "mean" : 0.000000,
          "stddev" : 0.000000,
          "N" : 0
        },
        "lat_ns" : {
          "min" : 0,
          "max" : 0,
          "mean" : 0.000000,
          "stddev" : 0.000000,
          "N" : 0
        },
        "bw_min" : 0,
        "bw_max" : 0,
        "bw_agg" : 0.000000,
        "bw_mean" : 0.000000,
        "bw_dev" : 0.000000,
        "bw_samples" : 0,
        "iops_min" : 0,
        "iops_max" : 0,
        "iops_mean" : 0.000000,
        "iops_stddev" : 0.000000,
        "iops_samples" : 0
      },
      "sync" : {
        "total_ios" : 0,
        "lat_ns" : {
          "min" : 0,
          "max" : 0,
          "mean" : 0.000000,
          "stddev" : 0.000000,
          "N" : 0
        }
      },
      "job_runtime" : 20838,
      "usr_cpu" : 99.932815,
      "sys_cpu" : 0.000000,
      "ctx" : 53,
      "majf" : 0,
      "minf" : 7,
      "iodepth_level" : {
        "1" : 100.000000,
        "2" : 0.000000,
        "4" : 0.000000,
        "8" : 0.000000,
        "16" : 0.000000,
        "32" : 0.000000,
        ">=64" : 0.000000
      },
      "iodepth_submit" : {
        "0" : 0.000000,
        "4" : 100.000000,
        "8" : 0.000000,
        "16" : 0.000000,
        "32" : 0.000000,
        "64" : 0.000000,
        ">=64" : 0.000000
      },
      "iodepth_complete" : {
        "0" : 0.000000,
        "4" : 100.000000,
        "8" : 0.000000,
        "16" : 0.000000,
        "32" : 0.000000,
        "64" : 0.000000,
        ">=64" : 0.000000
      },
      "latency_ns" : {
        "2" : 0.000000,
        "4" : 0.000000,
        "10" : 0.000000,
        "20" : 0.000000,
        "50" : 0.000000,
        "100" : 0.000000,
        "250" : 0.000000,
        "500" : 0.000000,
        "750" : 0.000000,
        "1000" : 0.000000
      },
      "latency_us" : {
        "2" : 0.000000,
        "4" : 0.000000,
        "10" : 0.000000,
        "20" : 0.000000,
        "50" : 0.084146,
        "100" : 99.637665,
        "250" : 0.274562,
        "500" : 0.010000,
        "750" : 0.000000,
        "1000" : 0.000000
      },
      "latency_ms" : {
        "2" : 0.010000,
        "4" : 0.010000,
        "10" : 0.010000,
        "20" : 0.000000,
        "50" : 0.000000,
        "100" : 0.000000,
        "250" : 0.000000,
        "500" : 0.000000,
        "750" : 0.000000,
        "1000" : 0.000000,
        "2000" : 0.000000,
        ">=2000" : 0.000000
      },
      "latency_depth" : 1,
      "latency_target" : 0,
      "latency_percentile" : 100.000000,
      "latency_window" : 0
    }
  ],
  "disk_util" : [
    {
      "name" : "nvme0n2",
      "read_ios" : 273089,
      "write_ios" : 0,
      "read_sectors" : 2184712,
      "write_sectors" : 0,
      "read_merges" : 0,
      "write_merges" : 0,
      "read_ticks" : 20216,
      "write_ticks" : 0,
      "in_queue" : 20215,
      "util" : 99.561129
    }
  ]
}
