{
  "fio version" : "fio-3.36-103-gb140f",
  "timestamp" : 1712039505,
  "timestamp_ms" : 1712039505044,
  "time" : "Tue Apr  2 02:31:45 2024",
  "global options" : {
    "iodepth" : "16",
    "numjobs" : "1",
    "zonemode" : "zbd",
    "job_max_open_zones" : "1",
    "direct" : "1",
    "buffered" : "0",
    "group_reporting" : "1",
    "bs" : "4k",
    "filename" : "/dev/nvme0n2"
  },
  "jobs" : [
    {
      "jobname" : "write",
      "groupid" : 0,
      "job_start" : 1712039503156,
      "error" : 0,
      "eta" : 2147483647,
      "elapsed" : 2,
      "job options" : {
        "ioscheduler" : "mq-deadline",
        "ioengine" : "io_uring",
        "io_size" : "1077m",
        "size" : "1z",
        "rw" : "randread",
        "sqthread_poll" : "1"
      },
      "read" : {
        "io_bytes" : 1129316352,
        "io_kbytes" : 1102848,
        "bw_bytes" : 628795296,
        "bw" : 614057,
        "iops" : 153514.476615,
        "runtime" : 1796,
        "total_ios" : 275712,
        "short_ios" : 0,
        "drop_ios" : 0,
        "slat_ns" : {
          "min" : 0,
          "max" : 0,
          "mean" : 0.000000,
          "stddev" : 0.000000,
          "N" : 0
        },
        "clat_ns" : {
          "min" : 25465,
          "max" : 11004696,
          "mean" : 103994.586819,
          "stddev" : 224603.402425,
          "N" : 275712,
          "percentile" : {
            "1.000000" : 71168,
            "5.000000" : 72192,
            "10.000000" : 73216,
            "20.000000" : 75264,
            "30.000000" : 78336,
            "40.000000" : 82432,
            "50.000000" : 86528,
            "60.000000" : 89600,
            "70.000000" : 95744,
            "80.000000" : 111104,
            "90.000000" : 134144,
            "95.000000" : 152576,
            "99.000000" : 203776,
            "99.500000" : 232448,
            "99.900000" : 4423680,
            "99.950000" : 5799936,
            "99.990000" : 9764864
          }
        },
        "lat_ns" : {
          "min" : 25509,
          "max" : 11004740,
          "mean" : 104047.049323,
          "stddev" : 224603.347135,
          "N" : 275712
        },
        "bw_min" : 583176,
        "bw_max" : 639944,
        "bw_agg" : 98.346751,
        "bw_mean" : 603906.666667,
        "bw_dev" : 31326.857317,
        "bw_samples" : 3,
        "iops_min" : 145794,
        "iops_max" : 159986,
        "iops_mean" : 150976.666667,
        "iops_stddev" : 7831.714329,
        "iops_samples" : 3
      },
      "write" : {
        "io_bytes" : 0,
        "io_kbytes" : 0,
        "bw_bytes" : 0,
        "bw" : 0,
        "iops" : 0.000000,
        "runtime" : 0,
        "total_ios" : 0,
        "short_ios" : 0,
        "drop_ios" : 0,
        "slat_ns" : {
          "min" : 0,
          "max" : 0,
          "mean" : 0.000000,
          "stddev" : 0.000000,
          "N" : 0
        },
        "clat_ns" : {
          "min" : 0,
          "max" : 0,
          "mean" : 0.000000,
          "stddev" : 0.000000,
          "N" : 0
        },
        "lat_ns" : {
          "min" : 0,
          "max" : 0,
          "mean" : 0.000000,
          "stddev" : 0.000000,
          "N" : 0
        },
        "bw_min" : 0,
        "bw_max" : 0,
        "bw_agg" : 0.000000,
        "bw_mean" : 0.000000,
        "bw_dev" : 0.000000,
        "bw_samples" : 0,
        "iops_min" : 0,
        "iops_max" : 0,
        "iops_mean" : 0.000000,
        "iops_stddev" : 0.000000,
        "iops_samples" : 0
      },
      "trim" : {
        "io_bytes" : 0,
        "io_kbytes" : 0,
        "bw_bytes" : 0,
        "bw" : 0,
        "iops" : 0.000000,
        "runtime" : 0,
        "total_ios" : 0,
        "short_ios" : 0,
        "drop_ios" : 0,
        "slat_ns" : {
          "min" : 0,
          "max" : 0,
          "mean" : 0.000000,
          "stddev" : 0.000000,
          "N" : 0
        },
        "clat_ns" : {
          "min" : 0,
          "max" : 0,
          "mean" : 0.000000,
          "stddev" : 0.000000,
          "N" : 0
        },
        "lat_ns" : {
          "min" : 0,
          "max" : 0,
          "mean" : 0.000000,
          "stddev" : 0.000000,
          "N" : 0
        },
        "bw_min" : 0,
        "bw_max" : 0,
        "bw_agg" : 0.000000,
        "bw_mean" : 0.000000,
        "bw_dev" : 0.000000,
        "bw_samples" : 0,
        "iops_min" : 0,
        "iops_max" : 0,
        "iops_mean" : 0.000000,
        "iops_stddev" : 0.000000,
        "iops_samples" : 0
      },
      "sync" : {
        "total_ios" : 0,
        "lat_ns" : {
          "min" : 0,
          "max" : 0,
          "mean" : 0.000000,
          "stddev" : 0.000000,
          "N" : 0
        }
      },
      "job_runtime" : 1795,
      "usr_cpu" : 98.551532,
      "sys_cpu" : 0.000000,
      "ctx" : 8,
      "majf" : 0,
      "minf" : 8,
      "iodepth_level" : {
        "1" : 0.100000,
        "2" : 0.100000,
        "4" : 0.100000,
        "8" : 0.100000,
        "16" : 99.994560,
        "32" : 0.000000,
        ">=64" : 0.000000
      },
      "iodepth_submit" : {
        "0" : 0.000000,
        "4" : 100.000000,
        "8" : 0.000000,
        "16" : 0.000000,
        "32" : 0.000000,
        "64" : 0.000000,
        ">=64" : 0.000000
      },
      "iodepth_complete" : {
        "0" : 0.000000,
        "4" : 99.999637,
        "8" : 0.000000,
        "16" : 0.100000,
        "32" : 0.000000,
        "64" : 0.000000,
        ">=64" : 0.000000
      },
      "latency_ns" : {
        "2" : 0.000000,
        "4" : 0.000000,
        "10" : 0.000000,
        "20" : 0.000000,
        "50" : 0.000000,
        "100" : 0.000000,
        "250" : 0.000000,
        "500" : 0.000000,
        "750" : 0.000000,
        "1000" : 0.000000
      },
      "latency_us" : {
        "2" : 0.000000,
        "4" : 0.000000,
        "10" : 0.000000,
        "20" : 0.000000,
        "50" : 0.062021,
        "100" : 73.817969,
        "250" : 25.767105,
        "500" : 0.167203,
        "750" : 0.000000,
        "1000" : 0.010000
      },
      "latency_ms" : {
        "2" : 0.011969,
        "4" : 0.042436,
        "10" : 0.121866,
        "20" : 0.010000,
        "50" : 0.000000,
        "100" : 0.000000,
        "250" : 0.000000,
        "500" : 0.000000,
        "750" : 0.000000,
        "1000" : 0.000000,
        "2000" : 0.000000,
        ">=2000" : 0.000000
      },
      "latency_depth" : 16,
      "latency_target" : 0,
      "latency_percentile" : 100.000000,
      "latency_window" : 0
    }
  ],
  "disk_util" : [
    {
      "name" : "nvme0n2",
      "read_ios" : 249535,
      "write_ios" : 0,
      "read_sectors" : 1996280,
      "write_sectors" : 0,
      "read_merges" : 0,
      "write_merges" : 0,
      "read_ticks" : 24789,
      "write_ticks" : 0,
      "in_queue" : 24789,
      "util" : 93.563218
    }
  ]
}
