{
  "fio version" : "fio-3.36-103-gb140f",
  "timestamp" : 1714347901,
  "timestamp_ms" : 1714347901762,
  "time" : "Sun Apr 28 19:45:01 2024",
  "global options" : {
    "numjobs" : "6",
    "zonemode" : "zbd",
    "job_max_open_zones" : "1",
    "direct" : "1",
    "buffered" : "0",
    "group_reporting" : "1",
    "bs" : "4k",
    "filename" : "/dev/nvme0n2"
  },
  "jobs" : [
    {
      "jobname" : "read",
      "groupid" : 0,
      "job_start" : 1714347879371,
      "error" : 0,
      "eta" : 0,
      "elapsed" : 23,
      "job options" : {
        "ioengine" : "sync",
        "iodepth" : "1",
        "io_size" : "1077m",
        "size" : "1z",
        "rw" : "randread",
        "offset_increment" : "1z"
      },
      "read" : {
        "io_bytes" : 6775898112,
        "io_kbytes" : 6617088,
        "bw_bytes" : 304411613,
        "bw" : 297276,
        "iops" : 74319.241655,
        "runtime" : 22259,
        "total_ios" : 1654272,
        "short_ios" : 0,
        "drop_ios" : 0,
        "slat_ns" : {
          "min" : 0,
          "max" : 0,
          "mean" : 0.000000,
          "stddev" : 0.000000,
          "N" : 0
        },
        "clat_ns" : {
          "min" : 25255,
          "max" : 319589,
          "mean" : 80346.002898,
          "stddev" : 14348.178516,
          "N" : 1654272,
          "percentile" : {
            "1.000000" : 69120,
            "5.000000" : 70144,
            "10.000000" : 70144,
            "20.000000" : 71168,
            "30.000000" : 71168,
            "40.000000" : 72192,
            "50.000000" : 74240,
            "60.000000" : 82432,
            "70.000000" : 83456,
            "80.000000" : 84480,
            "90.000000" : 92672,
            "95.000000" : 113152,
            "99.000000" : 138240,
            "99.500000" : 146432,
            "99.900000" : 175104,
            "99.950000" : 185344,
            "99.990000" : 209920
          }
        },
        "lat_ns" : {
          "min" : 25272,
          "max" : 319607,
          "mean" : 80364.978730,
          "stddev" : 14348.684231,
          "N" : 1654272
        },
        "bw_min" : 294976,
        "bw_max" : 299120,
        "bw_agg" : 100.000000,
        "bw_mean" : 297462.181818,
        "bw_dev" : 137.112749,
        "bw_samples" : 264,
        "iops_min" : 73744,
        "iops_max" : 74780,
        "iops_mean" : 74365.545455,
        "iops_stddev" : 34.278187,
        "iops_samples" : 264
      },
      "write" : {
        "io_bytes" : 0,
        "io_kbytes" : 0,
        "bw_bytes" : 0,
        "bw" : 0,
        "iops" : 0.000000,
        "runtime" : 0,
        "total_ios" : 0,
        "short_ios" : 0,
        "drop_ios" : 0,
        "slat_ns" : {
          "min" : 0,
          "max" : 0,
          "mean" : 0.000000,
          "stddev" : 0.000000,
          "N" : 0
        },
        "clat_ns" : {
          "min" : 0,
          "max" : 0,
          "mean" : 0.000000,
          "stddev" : 0.000000,
          "N" : 0
        },
        "lat_ns" : {
          "min" : 0,
          "max" : 0,
          "mean" : 0.000000,
          "stddev" : 0.000000,
          "N" : 0
        },
        "bw_min" : 0,
        "bw_max" : 0,
        "bw_agg" : 0.000000,
        "bw_mean" : 0.000000,
        "bw_dev" : 0.000000,
        "bw_samples" : 0,
        "iops_min" : 0,
        "iops_max" : 0,
        "iops_mean" : 0.000000,
        "iops_stddev" : 0.000000,
        "iops_samples" : 0
      },
      "trim" : {
        "io_bytes" : 0,
        "io_kbytes" : 0,
        "bw_bytes" : 0,
        "bw" : 0,
        "iops" : 0.000000,
        "runtime" : 0,
        "total_ios" : 0,
        "short_ios" : 0,
        "drop_ios" : 0,
        "slat_ns" : {
          "min" : 0,
          "max" : 0,
          "mean" : 0.000000,
          "stddev" : 0.000000,
          "N" : 0
        },
        "clat_ns" : {
          "min" : 0,
          "max" : 0,
          "mean" : 0.000000,
          "stddev" : 0.000000,
          "N" : 0
        },
        "lat_ns" : {
          "min" : 0,
          "max" : 0,
          "mean" : 0.000000,
          "stddev" : 0.000000,
          "N" : 0
        },
        "bw_min" : 0,
        "bw_max" : 0,
        "bw_agg" : 0.000000,
        "bw_mean" : 0.000000,
        "bw_dev" : 0.000000,
        "bw_samples" : 0,
        "iops_min" : 0,
        "iops_max" : 0,
        "iops_mean" : 0.000000,
        "iops_stddev" : 0.000000,
        "iops_samples" : 0
      },
      "sync" : {
        "total_ios" : 0,
        "lat_ns" : {
          "min" : 0,
          "max" : 0,
          "mean" : 0.000000,
          "stddev" : 0.000000,
          "N" : 0
        }
      },
      "job_runtime" : 133488,
      "usr_cpu" : 0.749131,
      "sys_cpu" : 2.253386,
      "ctx" : 3326362,
      "majf" : 0,
      "minf" : 89,
      "iodepth_level" : {
        "1" : 100.000000,
        "2" : 0.000000,
        "4" : 0.000000,
        "8" : 0.000000,
        "16" : 0.000000,
        "32" : 0.000000,
        ">=64" : 0.000000
      },
      "iodepth_submit" : {
        "0" : 0.000000,
        "4" : 100.000000,
        "8" : 0.000000,
        "16" : 0.000000,
        "32" : 0.000000,
        "64" : 0.000000,
        ">=64" : 0.000000
      },
      "iodepth_complete" : {
        "0" : 0.000000,
        "4" : 100.000000,
        "8" : 0.000000,
        "16" : 0.000000,
        "32" : 0.000000,
        "64" : 0.000000,
        ">=64" : 0.000000
      },
      "latency_ns" : {
        "2" : 0.000000,
        "4" : 0.000000,
        "10" : 0.000000,
        "20" : 0.000000,
        "50" : 0.000000,
        "100" : 0.000000,
        "250" : 0.000000,
        "500" : 0.000000,
        "750" : 0.000000,
        "1000" : 0.000000
      },
      "latency_us" : {
        "2" : 0.000000,
        "4" : 0.000000,
        "10" : 0.000000,
        "20" : 0.000000,
        "50" : 0.014085,
        "100" : 92.417873,
        "250" : 7.567014,
        "500" : 0.010000,
        "750" : 0.000000,
        "1000" : 0.000000
      },
      "latency_ms" : {
        "2" : 0.000000,
        "4" : 0.000000,
        "10" : 0.000000,
        "20" : 0.000000,
        "50" : 0.000000,
        "100" : 0.000000,
        "250" : 0.000000,
        "500" : 0.000000,
        "750" : 0.000000,
        "1000" : 0.000000,
        "2000" : 0.000000,
        ">=2000" : 0.000000
      },
      "latency_depth" : 1,
      "latency_target" : 0,
      "latency_percentile" : 100.000000,
      "latency_window" : 0
    }
  ],
  "disk_util" : [
    {
      "name" : "nvme0n2",
      "read_ios" : 1646162,
      "write_ios" : 0,
      "read_sectors" : 13169296,
      "write_sectors" : 0,
      "read_merges" : 0,
      "write_merges" : 0,
      "read_ticks" : 129769,
      "write_ticks" : 0,
      "in_queue" : 129769,
      "util" : 99.577300
    }
  ]
}
