{
  "fio version" : "fio-3.36-103-gb140f",
  "timestamp" : 1714348054,
  "timestamp_ms" : 1714348054088,
  "time" : "Sun Apr 28 19:47:34 2024",
  "global options" : {
    "numjobs" : "6",
    "zonemode" : "zbd",
    "job_max_open_zones" : "1",
    "direct" : "1",
    "buffered" : "0",
    "group_reporting" : "1",
    "bs" : "8k",
    "filename" : "/dev/nvme0n2"
  },
  "jobs" : [
    {
      "jobname" : "read",
      "groupid" : 0,
      "job_start" : 1714348040947,
      "error" : 0,
      "eta" : 0,
      "elapsed" : 14,
      "job options" : {
        "ioengine" : "sync",
        "iodepth" : "1",
        "io_size" : "1077m",
        "size" : "1z",
        "rw" : "randread",
        "offset_increment" : "1z"
      },
      "read" : {
        "io_bytes" : 6775898112,
        "io_kbytes" : 6617088,
        "bw_bytes" : 519146346,
        "bw" : 506978,
        "iops" : 63372.356727,
        "runtime" : 13052,
        "total_ios" : 827136,
        "short_ios" : 0,
        "drop_ios" : 0,
        "slat_ns" : {
          "min" : 0,
          "max" : 0,
          "mean" : 0.000000,
          "stddev" : 0.000000,
          "N" : 0
        },
        "clat_ns" : {
          "min" : 34472,
          "max" : 546985,
          "mean" : 94261.400486,
          "stddev" : 17163.490068,
          "N" : 827136,
          "percentile" : {
            "1.000000" : 81408,
            "5.000000" : 81408,
            "10.000000" : 82432,
            "20.000000" : 82432,
            "30.000000" : 83456,
            "40.000000" : 85504,
            "50.000000" : 88576,
            "60.000000" : 94720,
            "70.000000" : 95744,
            "80.000000" : 97792,
            "90.000000" : 111104,
            "95.000000" : 134144,
            "99.000000" : 160768,
            "99.500000" : 173056,
            "99.900000" : 209920,
            "99.950000" : 220160,
            "99.990000" : 246784
          }
        },
        "lat_ns" : {
          "min" : 34494,
          "max" : 547008,
          "mean" : 94285.215920,
          "stddev" : 17164.144066,
          "N" : 827136
        },
        "bw_min" : 503088,
        "bw_max" : 509872,
        "bw_agg" : 100.000000,
        "bw_mean" : 507363.076923,
        "bw_dev" : 249.915916,
        "bw_samples" : 156,
        "iops_min" : 62886,
        "iops_max" : 63734,
        "iops_mean" : 63420.384615,
        "iops_stddev" : 31.239490,
        "iops_samples" : 156
      },
      "write" : {
        "io_bytes" : 0,
        "io_kbytes" : 0,
        "bw_bytes" : 0,
        "bw" : 0,
        "iops" : 0.000000,
        "runtime" : 0,
        "total_ios" : 0,
        "short_ios" : 0,
        "drop_ios" : 0,
        "slat_ns" : {
          "min" : 0,
          "max" : 0,
          "mean" : 0.000000,
          "stddev" : 0.000000,
          "N" : 0
        },
        "clat_ns" : {
          "min" : 0,
          "max" : 0,
          "mean" : 0.000000,
          "stddev" : 0.000000,
          "N" : 0
        },
        "lat_ns" : {
          "min" : 0,
          "max" : 0,
          "mean" : 0.000000,
          "stddev" : 0.000000,
          "N" : 0
        },
        "bw_min" : 0,
        "bw_max" : 0,
        "bw_agg" : 0.000000,
        "bw_mean" : 0.000000,
        "bw_dev" : 0.000000,
        "bw_samples" : 0,
        "iops_min" : 0,
        "iops_max" : 0,
        "iops_mean" : 0.000000,
        "iops_stddev" : 0.000000,
        "iops_samples" : 0
      },
      "trim" : {
        "io_bytes" : 0,
        "io_kbytes" : 0,
        "bw_bytes" : 0,
        "bw" : 0,
        "iops" : 0.000000,
        "runtime" : 0,
        "total_ios" : 0,
        "short_ios" : 0,
        "drop_ios" : 0,
        "slat_ns" : {
          "min" : 0,
          "max" : 0,
          "mean" : 0.000000,
          "stddev" : 0.000000,
          "N" : 0
        },
        "clat_ns" : {
          "min" : 0,
          "max" : 0,
          "mean" : 0.000000,
          "stddev" : 0.000000,
          "N" : 0
        },
        "lat_ns" : {
          "min" : 0,
          "max" : 0,
          "mean" : 0.000000,
          "stddev" : 0.000000,
          "N" : 0
        },
        "bw_min" : 0,
        "bw_max" : 0,
        "bw_agg" : 0.000000,
        "bw_mean" : 0.000000,
        "bw_dev" : 0.000000,
        "bw_samples" : 0,
        "iops_min" : 0,
        "iops_max" : 0,
        "iops_mean" : 0.000000,
        "iops_stddev" : 0.000000,
        "iops_samples" : 0
      },
      "sync" : {
        "total_ios" : 0,
        "lat_ns" : {
          "min" : 0,
          "max" : 0,
          "mean" : 0.000000,
          "stddev" : 0.000000,
          "N" : 0
        }
      },
      "job_runtime" : 78264,
      "usr_cpu" : 0.615864,
      "sys_cpu" : 2.054584,
      "ctx" : 1663750,
      "majf" : 0,
      "minf" : 82,
      "iodepth_level" : {
        "1" : 100.000000,
        "2" : 0.000000,
        "4" : 0.000000,
        "8" : 0.000000,
        "16" : 0.000000,
        "32" : 0.000000,
        ">=64" : 0.000000
      },
      "iodepth_submit" : {
        "0" : 0.000000,
        "4" : 100.000000,
        "8" : 0.000000,
        "16" : 0.000000,
        "32" : 0.000000,
        "64" : 0.000000,
        ">=64" : 0.000000
      },
      "iodepth_complete" : {
        "0" : 0.000000,
        "4" : 100.000000,
        "8" : 0.000000,
        "16" : 0.000000,
        "32" : 0.000000,
        "64" : 0.000000,
        ">=64" : 0.000000
      },
      "latency_ns" : {
        "2" : 0.000000,
        "4" : 0.000000,
        "10" : 0.000000,
        "20" : 0.000000,
        "50" : 0.000000,
        "100" : 0.000000,
        "250" : 0.000000,
        "500" : 0.000000,
        "750" : 0.000000,
        "1000" : 0.000000
      },
      "latency_us" : {
        "2" : 0.000000,
        "4" : 0.000000,
        "10" : 0.000000,
        "20" : 0.000000,
        "50" : 0.010000,
        "100" : 83.495580,
        "250" : 16.486043,
        "500" : 0.010000,
        "750" : 0.010000,
        "1000" : 0.000000
      },
      "latency_ms" : {
        "2" : 0.000000,
        "4" : 0.000000,
        "10" : 0.000000,
        "20" : 0.000000,
        "50" : 0.000000,
        "100" : 0.000000,
        "250" : 0.000000,
        "500" : 0.000000,
        "750" : 0.000000,
        "1000" : 0.000000,
        "2000" : 0.000000,
        ">=2000" : 0.000000
      },
      "latency_depth" : 1,
      "latency_target" : 0,
      "latency_percentile" : 100.000000,
      "latency_window" : 0
    }
  ],
  "disk_util" : [
    {
      "name" : "nvme0n2",
      "read_ios" : 817340,
      "write_ios" : 0,
      "read_sectors" : 13077440,
      "write_sectors" : 0,
      "read_merges" : 0,
      "write_merges" : 0,
      "read_ticks" : 75740,
      "write_ticks" : 0,
      "in_queue" : 75740,
      "util" : 99.284010
    }
  ]
}
