{
  "fio version" : "fio-3.36-103-gb140f",
  "timestamp" : 1714348097,
  "timestamp_ms" : 1714348097158,
  "time" : "Sun Apr 28 19:48:17 2024",
  "global options" : {
    "numjobs" : "12",
    "zonemode" : "zbd",
    "job_max_open_zones" : "1",
    "direct" : "1",
    "buffered" : "0",
    "group_reporting" : "1",
    "bs" : "8k",
    "filename" : "/dev/nvme0n2"
  },
  "jobs" : [
    {
      "jobname" : "read",
      "groupid" : 0,
      "job_start" : 1714348082518,
      "error" : 0,
      "eta" : 0,
      "elapsed" : 15,
      "job options" : {
        "ioengine" : "sync",
        "iodepth" : "1",
        "io_size" : "1077m",
        "size" : "1z",
        "rw" : "randread",
        "offset_increment" : "1z"
      },
      "read" : {
        "io_bytes" : 13551796224,
        "io_kbytes" : 13234176,
        "bw_bytes" : 933576482,
        "bw" : 911695,
        "iops" : 113961.972995,
        "runtime" : 14516,
        "total_ios" : 1654272,
        "short_ios" : 0,
        "drop_ios" : 0,
        "slat_ns" : {
          "min" : 0,
          "max" : 0,
          "mean" : 0.000000,
          "stddev" : 0.000000,
          "N" : 0
        },
        "clat_ns" : {
          "min" : 34887,
          "max" : 533020,
          "mean" : 104788.560433,
          "stddev" : 26873.650622,
          "N" : 1654272,
          "percentile" : {
            "1.000000" : 81408,
            "5.000000" : 83456,
            "10.000000" : 83456,
            "20.000000" : 85504,
            "30.000000" : 87552,
            "40.000000" : 93696,
            "50.000000" : 96768,
            "60.000000" : 99840,
            "70.000000" : 104960,
            "80.000000" : 116224,
            "90.000000" : 142336,
            "95.000000" : 160768,
            "99.000000" : 207872,
            "99.500000" : 224256,
            "99.900000" : 268288,
            "99.950000" : 288768,
            "99.990000" : 337920
          }
        },
        "lat_ns" : {
          "min" : 34908,
          "max" : 533040,
          "mean" : 104810.899147,
          "stddev" : 26874.049510,
          "N" : 1654272
        },
        "bw_min" : 894704,
        "bw_max" : 920496,
        "bw_agg" : 100.000000,
        "bw_mean" : 912736.650246,
        "bw_dev" : 420.461481,
        "bw_samples" : 346,
        "iops_min" : 111838,
        "iops_max" : 115062,
        "iops_mean" : 114092.081281,
        "iops_stddev" : 52.557685,
        "iops_samples" : 346
      },
      "write" : {
        "io_bytes" : 0,
        "io_kbytes" : 0,
        "bw_bytes" : 0,
        "bw" : 0,
        "iops" : 0.000000,
        "runtime" : 0,
        "total_ios" : 0,
        "short_ios" : 0,
        "drop_ios" : 0,
        "slat_ns" : {
          "min" : 0,
          "max" : 0,
          "mean" : 0.000000,
          "stddev" : 0.000000,
          "N" : 0
        },
        "clat_ns" : {
          "min" : 0,
          "max" : 0,
          "mean" : 0.000000,
          "stddev" : 0.000000,
          "N" : 0
        },
        "lat_ns" : {
          "min" : 0,
          "max" : 0,
          "mean" : 0.000000,
          "stddev" : 0.000000,
          "N" : 0
        },
        "bw_min" : 0,
        "bw_max" : 0,
        "bw_agg" : 0.000000,
        "bw_mean" : 0.000000,
        "bw_dev" : 0.000000,
        "bw_samples" : 0,
        "iops_min" : 0,
        "iops_max" : 0,
        "iops_mean" : 0.000000,
        "iops_stddev" : 0.000000,
        "iops_samples" : 0
      },
      "trim" : {
        "io_bytes" : 0,
        "io_kbytes" : 0,
        "bw_bytes" : 0,
        "bw" : 0,
        "iops" : 0.000000,
        "runtime" : 0,
        "total_ios" : 0,
        "short_ios" : 0,
        "drop_ios" : 0,
        "slat_ns" : {
          "min" : 0,
          "max" : 0,
          "mean" : 0.000000,
          "stddev" : 0.000000,
          "N" : 0
        },
        "clat_ns" : {
          "min" : 0,
          "max" : 0,
          "mean" : 0.000000,
          "stddev" : 0.000000,
          "N" : 0
        },
        "lat_ns" : {
          "min" : 0,
          "max" : 0,
          "mean" : 0.000000,
          "stddev" : 0.000000,
          "N" : 0
        },
        "bw_min" : 0,
        "bw_max" : 0,
        "bw_agg" : 0.000000,
        "bw_mean" : 0.000000,
        "bw_dev" : 0.000000,
        "bw_samples" : 0,
        "iops_min" : 0,
        "iops_max" : 0,
        "iops_mean" : 0.000000,
        "iops_stddev" : 0.000000,
        "iops_samples" : 0
      },
      "sync" : {
        "total_ios" : 0,
        "lat_ns" : {
          "min" : 0,
          "max" : 0,
          "mean" : 0.000000,
          "stddev" : 0.000000,
          "N" : 0
        }
      },
      "job_runtime" : 173985,
      "usr_cpu" : 0.596603,
      "sys_cpu" : 2.044429,
      "ctx" : 3322151,
      "majf" : 0,
      "minf" : 164,
      "iodepth_level" : {
        "1" : 100.000000,
        "2" : 0.000000,
        "4" : 0.000000,
        "8" : 0.000000,
        "16" : 0.000000,
        "32" : 0.000000,
        ">=64" : 0.000000
      },
      "iodepth_submit" : {
        "0" : 0.000000,
        "4" : 100.000000,
        "8" : 0.000000,
        "16" : 0.000000,
        "32" : 0.000000,
        "64" : 0.000000,
        ">=64" : 0.000000
      },
      "iodepth_complete" : {
        "0" : 0.000000,
        "4" : 100.000000,
        "8" : 0.000000,
        "16" : 0.000000,
        "32" : 0.000000,
        "64" : 0.000000,
        ">=64" : 0.000000
      },
      "latency_ns" : {
        "2" : 0.000000,
        "4" : 0.000000,
        "10" : 0.000000,
        "20" : 0.000000,
        "50" : 0.000000,
        "100" : 0.000000,
        "250" : 0.000000,
        "500" : 0.000000,
        "750" : 0.000000,
        "1000" : 0.000000
      },
      "latency_us" : {
        "2" : 0.000000,
        "4" : 0.000000,
        "10" : 0.000000,
        "20" : 0.000000,
        "50" : 0.010000,
        "100" : 61.729147,
        "250" : 38.064901,
        "500" : 0.201116,
        "750" : 0.010000,
        "1000" : 0.000000
      },
      "latency_ms" : {
        "2" : 0.000000,
        "4" : 0.000000,
        "10" : 0.000000,
        "20" : 0.000000,
        "50" : 0.000000,
        "100" : 0.000000,
        "250" : 0.000000,
        "500" : 0.000000,
        "750" : 0.000000,
        "1000" : 0.000000,
        "2000" : 0.000000,
        ">=2000" : 0.000000
      },
      "latency_depth" : 1,
      "latency_target" : 0,
      "latency_percentile" : 100.000000,
      "latency_window" : 0
    }
  ],
  "disk_util" : [
    {
      "name" : "nvme0n2",
      "read_ios" : 1641709,
      "write_ios" : 0,
      "read_sectors" : 26267360,
      "write_sectors" : 0,
      "read_merges" : 0,
      "write_merges" : 0,
      "read_ticks" : 169107,
      "write_ticks" : 0,
      "in_queue" : 169107,
      "util" : 99.323671
    }
  ]
}
