{
  "fio version" : "fio-3.36-103-gb140f",
  "timestamp" : 1714347732,
  "timestamp_ms" : 1714347732104,
  "time" : "Sun Apr 28 19:42:12 2024",
  "global options" : {
    "numjobs" : "8",
    "zonemode" : "zbd",
    "job_max_open_zones" : "1",
    "direct" : "1",
    "buffered" : "0",
    "group_reporting" : "1",
    "bs" : "16k",
    "filename" : "/dev/nvme0n2"
  },
  "jobs" : [
    {
      "jobname" : "write",
      "groupid" : 0,
      "job_start" : 1714347723101,
      "error" : 0,
      "eta" : 0,
      "elapsed" : 10,
      "job options" : {
        "ioengine" : "sync",
        "iodepth" : "1",
        "size" : "1z",
        "rw" : "read",
        "offset_increment" : "1z"
      },
      "read" : {
        "io_bytes" : 9034530816,
        "io_kbytes" : 8822784,
        "bw_bytes" : 1012953337,
        "bw" : 989212,
        "iops" : 61825.765220,
        "runtime" : 8919,
        "total_ios" : 551424,
        "short_ios" : 0,
        "drop_ios" : 0,
        "slat_ns" : {
          "min" : 0,
          "max" : 0,
          "mean" : 0.000000,
          "stddev" : 0.000000,
          "N" : 0
        },
        "clat_ns" : {
          "min" : 100665,
          "max" : 514269,
          "mean" : 128755.077514,
          "stddev" : 34043.003079,
          "N" : 551424,
          "percentile" : {
            "1.000000" : 101888,
            "5.000000" : 102912,
            "10.000000" : 103936,
            "20.000000" : 105984,
            "30.000000" : 108032,
            "40.000000" : 114176,
            "50.000000" : 117248,
            "60.000000" : 119296,
            "70.000000" : 126464,
            "80.000000" : 152576,
            "90.000000" : 175104,
            "95.000000" : 191488,
            "99.000000" : 261120,
            "99.500000" : 280576,
            "99.900000" : 350208,
            "99.950000" : 366592,
            "99.990000" : 436224
          }
        },
        "lat_ns" : {
          "min" : 100685,
          "max" : 514288,
          "mean" : 128777.048306,
          "stddev" : 34043.470048,
          "N" : 551424
        },
        "bw_min" : 968480,
        "bw_max" : 1013792,
        "bw_agg" : 100.000000,
        "bw_mean" : 992483.764706,
        "bw_dev" : 1675.193722,
        "bw_samples" : 136,
        "iops_min" : 60530,
        "iops_max" : 63362,
        "iops_mean" : 62030.235294,
        "iops_stddev" : 104.699608,
        "iops_samples" : 136
      },
      "write" : {
        "io_bytes" : 0,
        "io_kbytes" : 0,
        "bw_bytes" : 0,
        "bw" : 0,
        "iops" : 0.000000,
        "runtime" : 0,
        "total_ios" : 0,
        "short_ios" : 0,
        "drop_ios" : 0,
        "slat_ns" : {
          "min" : 0,
          "max" : 0,
          "mean" : 0.000000,
          "stddev" : 0.000000,
          "N" : 0
        },
        "clat_ns" : {
          "min" : 0,
          "max" : 0,
          "mean" : 0.000000,
          "stddev" : 0.000000,
          "N" : 0
        },
        "lat_ns" : {
          "min" : 0,
          "max" : 0,
          "mean" : 0.000000,
          "stddev" : 0.000000,
          "N" : 0
        },
        "bw_min" : 0,
        "bw_max" : 0,
        "bw_agg" : 0.000000,
        "bw_mean" : 0.000000,
        "bw_dev" : 0.000000,
        "bw_samples" : 0,
        "iops_min" : 0,
        "iops_max" : 0,
        "iops_mean" : 0.000000,
        "iops_stddev" : 0.000000,
        "iops_samples" : 0
      },
      "trim" : {
        "io_bytes" : 0,
        "io_kbytes" : 0,
        "bw_bytes" : 0,
        "bw" : 0,
        "iops" : 0.000000,
        "runtime" : 0,
        "total_ios" : 0,
        "short_ios" : 0,
        "drop_ios" : 0,
        "slat_ns" : {
          "min" : 0,
          "max" : 0,
          "mean" : 0.000000,
          "stddev" : 0.000000,
          "N" : 0
        },
        "clat_ns" : {
          "min" : 0,
          "max" : 0,
          "mean" : 0.000000,
          "stddev" : 0.000000,
          "N" : 0
        },
        "lat_ns" : {
          "min" : 0,
          "max" : 0,
          "mean" : 0.000000,
          "stddev" : 0.000000,
          "N" : 0
        },
        "bw_min" : 0,
        "bw_max" : 0,
        "bw_agg" : 0.000000,
        "bw_mean" : 0.000000,
        "bw_dev" : 0.000000,
        "bw_samples" : 0,
        "iops_min" : 0,
        "iops_max" : 0,
        "iops_mean" : 0.000000,
        "iops_stddev" : 0.000000,
        "iops_samples" : 0
      },
      "sync" : {
        "total_ios" : 0,
        "lat_ns" : {
          "min" : 0,
          "max" : 0,
          "mean" : 0.000000,
          "stddev" : 0.000000,
          "N" : 0
        }
      },
      "job_runtime" : 71124,
      "usr_cpu" : 0.428829,
      "sys_cpu" : 1.536753,
      "ctx" : 1106138,
      "majf" : 0,
      "minf" : 137,
      "iodepth_level" : {
        "1" : 100.000000,
        "2" : 0.000000,
        "4" : 0.000000,
        "8" : 0.000000,
        "16" : 0.000000,
        "32" : 0.000000,
        ">=64" : 0.000000
      },
      "iodepth_submit" : {
        "0" : 0.000000,
        "4" : 100.000000,
        "8" : 0.000000,
        "16" : 0.000000,
        "32" : 0.000000,
        "64" : 0.000000,
        ">=64" : 0.000000
      },
      "iodepth_complete" : {
        "0" : 0.000000,
        "4" : 100.000000,
        "8" : 0.000000,
        "16" : 0.000000,
        "32" : 0.000000,
        "64" : 0.000000,
        ">=64" : 0.000000
      },
      "latency_ns" : {
        "2" : 0.000000,
        "4" : 0.000000,
        "10" : 0.000000,
        "20" : 0.000000,
        "50" : 0.000000,
        "100" : 0.000000,
        "250" : 0.000000,
        "500" : 0.000000,
        "750" : 0.000000,
        "1000" : 0.000000
      },
      "latency_us" : {
        "2" : 0.000000,
        "4" : 0.000000,
        "10" : 0.000000,
        "20" : 0.000000,
        "50" : 0.000000,
        "100" : 0.000000,
        "250" : 98.324338,
        "500" : 1.675299,
        "750" : 0.010000,
        "1000" : 0.000000
      },
      "latency_ms" : {
        "2" : 0.000000,
        "4" : 0.000000,
        "10" : 0.000000,
        "20" : 0.000000,
        "50" : 0.000000,
        "100" : 0.000000,
        "250" : 0.000000,
        "500" : 0.000000,
        "750" : 0.000000,
        "1000" : 0.000000,
        "2000" : 0.000000,
        ">=2000" : 0.000000
      },
      "latency_depth" : 1,
      "latency_target" : 0,
      "latency_percentile" : 100.000000,
      "latency_window" : 0
    }
  ],
  "disk_util" : [
    {
      "name" : "nvme0n2",
      "read_ios" : 550910,
      "write_ios" : 0,
      "read_sectors" : 17629120,
      "write_sectors" : 0,
      "read_merges" : 0,
      "write_merges" : 0,
      "read_ticks" : 69986,
      "write_ticks" : 0,
      "in_queue" : 69986,
      "util" : 98.909900
    }
  ]
}
