{
  "fio version" : "fio-3.36-103-gb140f",
  "timestamp" : 1712041982,
  "timestamp_ms" : 1712041982211,
  "time" : "Tue Apr  2 03:13:02 2024",
  "global options" : {
    "iodepth" : "4",
    "numjobs" : "1",
    "zonemode" : "zbd",
    "job_max_open_zones" : "1",
    "direct" : "1",
    "buffered" : "0",
    "group_reporting" : "1",
    "bs" : "4k",
    "filename" : "/dev/nvme0n2"
  },
  "jobs" : [
    {
      "jobname" : "write",
      "groupid" : 0,
      "job_start" : 1712041981073,
      "error" : 0,
      "eta" : 2147483647,
      "elapsed" : 2,
      "job options" : {
        "ioscheduler" : "mq-deadline",
        "ioengine" : "io_uring",
        "rw" : "read",
        "size" : "1z",
        "sqthread_poll" : "1"
      },
      "read" : {
        "io_bytes" : 1129316352,
        "io_kbytes" : 1102848,
        "bw_bytes" : 1035120395,
        "bw" : 1010859,
        "iops" : 252714.940422,
        "runtime" : 1091,
        "total_ios" : 275712,
        "short_ios" : 0,
        "drop_ios" : 0,
        "slat_ns" : {
          "min" : 0,
          "max" : 0,
          "mean" : 0.000000,
          "stddev" : 0.000000,
          "N" : 0
        },
        "clat_ns" : {
          "min" : 8090,
          "max" : 8969464,
          "mean" : 15620.136450,
          "stddev" : 92198.448369,
          "N" : 275712,
          "percentile" : {
            "1.000000" : 9536,
            "5.000000" : 10432,
            "10.000000" : 10816,
            "20.000000" : 11328,
            "30.000000" : 12352,
            "40.000000" : 12864,
            "50.000000" : 12992,
            "60.000000" : 13376,
            "70.000000" : 15168,
            "80.000000" : 15808,
            "90.000000" : 16064,
            "95.000000" : 16192,
            "99.000000" : 19840,
            "99.500000" : 20096,
            "99.900000" : 118272,
            "99.950000" : 1302528,
            "99.990000" : 4685824
          }
        },
        "lat_ns" : {
          "min" : 8124,
          "max" : 8969505,
          "mean" : 15673.749772,
          "stddev" : 92198.418988,
          "N" : 275712
        },
        "bw_min" : 981088,
        "bw_max" : 1093336,
        "bw_agg" : 100.000000,
        "bw_mean" : 1037212.000000,
        "bw_dev" : 79371.321975,
        "bw_samples" : 2,
        "iops_min" : 245272,
        "iops_max" : 273334,
        "iops_mean" : 259303.000000,
        "iops_stddev" : 19842.830494,
        "iops_samples" : 2
      },
      "write" : {
        "io_bytes" : 0,
        "io_kbytes" : 0,
        "bw_bytes" : 0,
        "bw" : 0,
        "iops" : 0.000000,
        "runtime" : 0,
        "total_ios" : 0,
        "short_ios" : 0,
        "drop_ios" : 0,
        "slat_ns" : {
          "min" : 0,
          "max" : 0,
          "mean" : 0.000000,
          "stddev" : 0.000000,
          "N" : 0
        },
        "clat_ns" : {
          "min" : 0,
          "max" : 0,
          "mean" : 0.000000,
          "stddev" : 0.000000,
          "N" : 0
        },
        "lat_ns" : {
          "min" : 0,
          "max" : 0,
          "mean" : 0.000000,
          "stddev" : 0.000000,
          "N" : 0
        },
        "bw_min" : 0,
        "bw_max" : 0,
        "bw_agg" : 0.000000,
        "bw_mean" : 0.000000,
        "bw_dev" : 0.000000,
        "bw_samples" : 0,
        "iops_min" : 0,
        "iops_max" : 0,
        "iops_mean" : 0.000000,
        "iops_stddev" : 0.000000,
        "iops_samples" : 0
      },
      "trim" : {
        "io_bytes" : 0,
        "io_kbytes" : 0,
        "bw_bytes" : 0,
        "bw" : 0,
        "iops" : 0.000000,
        "runtime" : 0,
        "total_ios" : 0,
        "short_ios" : 0,
        "drop_ios" : 0,
        "slat_ns" : {
          "min" : 0,
          "max" : 0,
          "mean" : 0.000000,
          "stddev" : 0.000000,
          "N" : 0
        },
        "clat_ns" : {
          "min" : 0,
          "max" : 0,
          "mean" : 0.000000,
          "stddev" : 0.000000,
          "N" : 0
        },
        "lat_ns" : {
          "min" : 0,
          "max" : 0,
          "mean" : 0.000000,
          "stddev" : 0.000000,
          "N" : 0
        },
        "bw_min" : 0,
        "bw_max" : 0,
        "bw_agg" : 0.000000,
        "bw_mean" : 0.000000,
        "bw_dev" : 0.000000,
        "bw_samples" : 0,
        "iops_min" : 0,
        "iops_max" : 0,
        "iops_mean" : 0.000000,
        "iops_stddev" : 0.000000,
        "iops_samples" : 0
      },
      "sync" : {
        "total_ios" : 0,
        "lat_ns" : {
          "min" : 0,
          "max" : 0,
          "mean" : 0.000000,
          "stddev" : 0.000000,
          "N" : 0
        }
      },
      "job_runtime" : 1090,
      "usr_cpu" : 99.541284,
      "sys_cpu" : 0.000000,
      "ctx" : 7,
      "majf" : 0,
      "minf" : 6,
      "iodepth_level" : {
        "1" : 0.100000,
        "2" : 0.100000,
        "4" : 99.998912,
        "8" : 0.000000,
        "16" : 0.000000,
        "32" : 0.000000,
        ">=64" : 0.000000
      },
      "iodepth_submit" : {
        "0" : 0.000000,
        "4" : 100.000000,
        "8" : 0.000000,
        "16" : 0.000000,
        "32" : 0.000000,
        "64" : 0.000000,
        ">=64" : 0.000000
      },
      "iodepth_complete" : {
        "0" : 0.000000,
        "4" : 100.000000,
        "8" : 0.000000,
        "16" : 0.000000,
        "32" : 0.000000,
        "64" : 0.000000,
        ">=64" : 0.000000
      },
      "latency_ns" : {
        "2" : 0.000000,
        "4" : 0.000000,
        "10" : 0.000000,
        "20" : 0.000000,
        "50" : 0.000000,
        "100" : 0.000000,
        "250" : 0.000000,
        "500" : 0.000000,
        "750" : 0.000000,
        "1000" : 0.000000
      },
      "latency_us" : {
        "2" : 0.000000,
        "4" : 0.000000,
        "10" : 2.861319,
        "20" : 96.596448,
        "50" : 0.280365,
        "100" : 0.057669,
        "250" : 0.136011,
        "500" : 0.010000,
        "750" : 0.010000,
        "1000" : 0.010000
      },
      "latency_ms" : {
        "2" : 0.011606,
        "4" : 0.023213,
        "10" : 0.017409,
        "20" : 0.000000,
        "50" : 0.000000,
        "100" : 0.000000,
        "250" : 0.000000,
        "500" : 0.000000,
        "750" : 0.000000,
        "1000" : 0.000000,
        "2000" : 0.000000,
        ">=2000" : 0.000000
      },
      "latency_depth" : 4,
      "latency_target" : 0,
      "latency_percentile" : 100.000000,
      "latency_window" : 0
    }
  ],
  "disk_util" : [
    {
      "name" : "nvme0n2",
      "read_ios" : 226255,
      "write_ios" : 0,
      "read_sectors" : 1811696,
      "write_sectors" : 0,
      "read_merges" : 207,
      "write_merges" : 0,
      "read_ticks" : 2339,
      "write_ticks" : 0,
      "in_queue" : 2339,
      "util" : 89.696970
    }
  ]
}
