{
  "fio version" : "fio-3.36-103-gb140f",
  "timestamp" : 1712041986,
  "timestamp_ms" : 1712041986586,
  "time" : "Tue Apr  2 03:13:06 2024",
  "global options" : {
    "iodepth" : "64",
    "numjobs" : "1",
    "zonemode" : "zbd",
    "job_max_open_zones" : "1",
    "direct" : "1",
    "buffered" : "0",
    "group_reporting" : "1",
    "bs" : "4k",
    "filename" : "/dev/nvme0n2"
  },
  "jobs" : [
    {
      "jobname" : "write",
      "groupid" : 0,
      "job_start" : 1712041985700,
      "error" : 0,
      "eta" : 2147483647,
      "elapsed" : 1,
      "job options" : {
        "ioscheduler" : "mq-deadline",
        "ioengine" : "io_uring",
        "rw" : "read",
        "size" : "1z",
        "sqthread_poll" : "1"
      },
      "read" : {
        "io_bytes" : 1129316352,
        "io_kbytes" : 1102848,
        "bw_bytes" : 1770088326,
        "bw" : 1728601,
        "iops" : 432150.470219,
        "runtime" : 638,
        "total_ios" : 275712,
        "short_ios" : 0,
        "drop_ios" : 0,
        "slat_ns" : {
          "min" : 0,
          "max" : 0,
          "mean" : 0.000000,
          "stddev" : 0.000000,
          "N" : 0
        },
        "clat_ns" : {
          "min" : 8474,
          "max" : 6054446,
          "mean" : 147792.871971,
          "stddev" : 213496.219590,
          "N" : 275712,
          "percentile" : {
            "1.000000" : 13888,
            "5.000000" : 28032,
            "10.000000" : 38656,
            "20.000000" : 52992,
            "30.000000" : 70144,
            "40.000000" : 88576,
            "50.000000" : 113152,
            "60.000000" : 138240,
            "70.000000" : 166912,
            "80.000000" : 201728,
            "90.000000" : 261120,
            "95.000000" : 337920,
            "99.000000" : 692224,
            "99.500000" : 864256,
            "99.900000" : 3555328,
            "99.950000" : 4620288,
            "99.990000" : 5996544
          }
        },
        "lat_ns" : {
          "min" : 8525,
          "max" : 6054489,
          "mean" : 147835.378340,
          "stddev" : 213496.850281,
          "N" : 275712
        },
        "bw_min" : 1680528,
        "bw_max" : 1680528,
        "bw_agg" : 97.218915,
        "bw_mean" : 1680528.000000,
        "bw_dev" : 0.000000,
        "bw_samples" : 1,
        "iops_min" : 420132,
        "iops_max" : 420132,
        "iops_mean" : 420132.000000,
        "iops_stddev" : 0.000000,
        "iops_samples" : 1
      },
      "write" : {
        "io_bytes" : 0,
        "io_kbytes" : 0,
        "bw_bytes" : 0,
        "bw" : 0,
        "iops" : 0.000000,
        "runtime" : 0,
        "total_ios" : 0,
        "short_ios" : 0,
        "drop_ios" : 0,
        "slat_ns" : {
          "min" : 0,
          "max" : 0,
          "mean" : 0.000000,
          "stddev" : 0.000000,
          "N" : 0
        },
        "clat_ns" : {
          "min" : 0,
          "max" : 0,
          "mean" : 0.000000,
          "stddev" : 0.000000,
          "N" : 0
        },
        "lat_ns" : {
          "min" : 0,
          "max" : 0,
          "mean" : 0.000000,
          "stddev" : 0.000000,
          "N" : 0
        },
        "bw_min" : 0,
        "bw_max" : 0,
        "bw_agg" : 0.000000,
        "bw_mean" : 0.000000,
        "bw_dev" : 0.000000,
        "bw_samples" : 0,
        "iops_min" : 0,
        "iops_max" : 0,
        "iops_mean" : 0.000000,
        "iops_stddev" : 0.000000,
        "iops_samples" : 0
      },
      "trim" : {
        "io_bytes" : 0,
        "io_kbytes" : 0,
        "bw_bytes" : 0,
        "bw" : 0,
        "iops" : 0.000000,
        "runtime" : 0,
        "total_ios" : 0,
        "short_ios" : 0,
        "drop_ios" : 0,
        "slat_ns" : {
          "min" : 0,
          "max" : 0,
          "mean" : 0.000000,
          "stddev" : 0.000000,
          "N" : 0
        },
        "clat_ns" : {
          "min" : 0,
          "max" : 0,
          "mean" : 0.000000,
          "stddev" : 0.000000,
          "N" : 0
        },
        "lat_ns" : {
          "min" : 0,
          "max" : 0,
          "mean" : 0.000000,
          "stddev" : 0.000000,
          "N" : 0
        },
        "bw_min" : 0,
        "bw_max" : 0,
        "bw_agg" : 0.000000,
        "bw_mean" : 0.000000,
        "bw_dev" : 0.000000,
        "bw_samples" : 0,
        "iops_min" : 0,
        "iops_max" : 0,
        "iops_mean" : 0.000000,
        "iops_stddev" : 0.000000,
        "iops_samples" : 0
      },
      "sync" : {
        "total_ios" : 0,
        "lat_ns" : {
          "min" : 0,
          "max" : 0,
          "mean" : 0.000000,
          "stddev" : 0.000000,
          "N" : 0
        }
      },
      "job_runtime" : 637,
      "usr_cpu" : 99.215071,
      "sys_cpu" : 0.000000,
      "ctx" : 3,
      "majf" : 0,
      "minf" : 6,
      "iodepth_level" : {
        "1" : 0.100000,
        "2" : 0.100000,
        "4" : 0.100000,
        "8" : 0.100000,
        "16" : 0.100000,
        "32" : 0.100000,
        ">=64" : 99.977150
      },
      "iodepth_submit" : {
        "0" : 0.000000,
        "4" : 100.000000,
        "8" : 0.000000,
        "16" : 0.000000,
        "32" : 0.000000,
        "64" : 0.000000,
        ">=64" : 0.000000
      },
      "iodepth_complete" : {
        "0" : 0.000000,
        "4" : 99.999637,
        "8" : 0.000000,
        "16" : 0.000000,
        "32" : 0.000000,
        "64" : 0.100000,
        ">=64" : 0.000000
      },
      "latency_ns" : {
        "2" : 0.000000,
        "4" : 0.000000,
        "10" : 0.000000,
        "20" : 0.000000,
        "50" : 0.000000,
        "100" : 0.000000,
        "250" : 0.000000,
        "500" : 0.000000,
        "750" : 0.000000,
        "1000" : 0.000000
      },
      "latency_us" : {
        "2" : 0.000000,
        "4" : 0.000000,
        "10" : 0.016321,
        "20" : 2.844998,
        "50" : 15.247069,
        "100" : 26.516075,
        "250" : 44.178346,
        "500" : 9.118936,
        "750" : 1.293741,
        "1000" : 0.430159
      },
      "latency_ms" : {
        "2" : 0.151245,
        "4" : 0.124768,
        "10" : 0.078343,
        "20" : 0.000000,
        "50" : 0.000000,
        "100" : 0.000000,
        "250" : 0.000000,
        "500" : 0.000000,
        "750" : 0.000000,
        "1000" : 0.000000,
        "2000" : 0.000000,
        ">=2000" : 0.000000
      },
      "latency_depth" : 64,
      "latency_target" : 0,
      "latency_percentile" : 100.000000,
      "latency_window" : 0
    }
  ],
  "disk_util" : [
    {
      "name" : "nvme0n2",
      "read_ios" : 77067,
      "write_ios" : 0,
      "read_sectors" : 2198056,
      "write_sectors" : 0,
      "read_merges" : 197735,
      "write_merges" : 0,
      "read_ticks" : 10687,
      "write_ticks" : 0,
      "in_queue" : 10687,
      "util" : 86.295794
    }
  ]
}
