{
  "fio version" : "fio-3.36-103-gb140f",
  "timestamp" : 1714347702,
  "timestamp_ms" : 1714347702888,
  "time" : "Sun Apr 28 19:41:42 2024",
  "global options" : {
    "numjobs" : "14",
    "zonemode" : "zbd",
    "job_max_open_zones" : "1",
    "direct" : "1",
    "buffered" : "0",
    "group_reporting" : "1",
    "bs" : "8k",
    "filename" : "/dev/nvme0n2"
  },
  "jobs" : [
    {
      "jobname" : "write",
      "groupid" : 0,
      "job_start" : 1714347689748,
      "error" : 0,
      "eta" : 0,
      "elapsed" : 14,
      "job options" : {
        "ioengine" : "sync",
        "iodepth" : "1",
        "size" : "1z",
        "rw" : "read",
        "offset_increment" : "1z"
      },
      "read" : {
        "io_bytes" : 15810428928,
        "io_kbytes" : 15439872,
        "bw_bytes" : 1209488137,
        "bw" : 1181140,
        "iops" : 147642.594859,
        "runtime" : 13072,
        "total_ios" : 1929984,
        "short_ios" : 0,
        "drop_ios" : 0,
        "slat_ns" : {
          "min" : 0,
          "max" : 0,
          "mean" : 0.000000,
          "stddev" : 0.000000,
          "N" : 0
        },
        "clat_ns" : {
          "min" : 19392,
          "max" : 1555042,
          "mean" : 93911.516946,
          "stddev" : 56728.852374,
          "N" : 1929984,
          "percentile" : {
            "1.000000" : 35072,
            "5.000000" : 36096,
            "10.000000" : 37120,
            "20.000000" : 38656,
            "30.000000" : 46848,
            "40.000000" : 84480,
            "50.000000" : 88576,
            "60.000000" : 97792,
            "70.000000" : 103936,
            "80.000000" : 132096,
            "90.000000" : 158720,
            "95.000000" : 207872,
            "99.000000" : 292864,
            "99.500000" : 329728,
            "99.900000" : 419840,
            "99.950000" : 448512,
            "99.990000" : 544768
          }
        },
        "lat_ns" : {
          "min" : 19460,
          "max" : 1555061,
          "mean" : 93935.554395,
          "stddev" : 56728.985726,
          "N" : 1929984
        },
        "bw_min" : 1119280,
        "bw_max" : 1250497,
        "bw_agg" : 100.000000,
        "bw_mean" : 1189151.238462,
        "bw_dev" : 2345.755603,
        "bw_samples" : 356,
        "iops_min" : 139910,
        "iops_max" : 156312,
        "iops_mean" : 148643.767692,
        "iops_stddev" : 293.217041,
        "iops_samples" : 356
      },
      "write" : {
        "io_bytes" : 0,
        "io_kbytes" : 0,
        "bw_bytes" : 0,
        "bw" : 0,
        "iops" : 0.000000,
        "runtime" : 0,
        "total_ios" : 0,
        "short_ios" : 0,
        "drop_ios" : 0,
        "slat_ns" : {
          "min" : 0,
          "max" : 0,
          "mean" : 0.000000,
          "stddev" : 0.000000,
          "N" : 0
        },
        "clat_ns" : {
          "min" : 0,
          "max" : 0,
          "mean" : 0.000000,
          "stddev" : 0.000000,
          "N" : 0
        },
        "lat_ns" : {
          "min" : 0,
          "max" : 0,
          "mean" : 0.000000,
          "stddev" : 0.000000,
          "N" : 0
        },
        "bw_min" : 0,
        "bw_max" : 0,
        "bw_agg" : 0.000000,
        "bw_mean" : 0.000000,
        "bw_dev" : 0.000000,
        "bw_samples" : 0,
        "iops_min" : 0,
        "iops_max" : 0,
        "iops_mean" : 0.000000,
        "iops_stddev" : 0.000000,
        "iops_samples" : 0
      },
      "trim" : {
        "io_bytes" : 0,
        "io_kbytes" : 0,
        "bw_bytes" : 0,
        "bw" : 0,
        "iops" : 0.000000,
        "runtime" : 0,
        "total_ios" : 0,
        "short_ios" : 0,
        "drop_ios" : 0,
        "slat_ns" : {
          "min" : 0,
          "max" : 0,
          "mean" : 0.000000,
          "stddev" : 0.000000,
          "N" : 0
        },
        "clat_ns" : {
          "min" : 0,
          "max" : 0,
          "mean" : 0.000000,
          "stddev" : 0.000000,
          "N" : 0
        },
        "lat_ns" : {
          "min" : 0,
          "max" : 0,
          "mean" : 0.000000,
          "stddev" : 0.000000,
          "N" : 0
        },
        "bw_min" : 0,
        "bw_max" : 0,
        "bw_agg" : 0.000000,
        "bw_mean" : 0.000000,
        "bw_dev" : 0.000000,
        "bw_samples" : 0,
        "iops_min" : 0,
        "iops_max" : 0,
        "iops_mean" : 0.000000,
        "iops_stddev" : 0.000000,
        "iops_samples" : 0
      },
      "sync" : {
        "total_ios" : 0,
        "lat_ns" : {
          "min" : 0,
          "max" : 0,
          "mean" : 0.000000,
          "stddev" : 0.000000,
          "N" : 0
        }
      },
      "job_runtime" : 181743,
      "usr_cpu" : 0.702641,
      "sys_cpu" : 2.220718,
      "ctx" : 3870759,
      "majf" : 0,
      "minf" : 250,
      "iodepth_level" : {
        "1" : 100.000000,
        "2" : 0.000000,
        "4" : 0.000000,
        "8" : 0.000000,
        "16" : 0.000000,
        "32" : 0.000000,
        ">=64" : 0.000000
      },
      "iodepth_submit" : {
        "0" : 0.000000,
        "4" : 100.000000,
        "8" : 0.000000,
        "16" : 0.000000,
        "32" : 0.000000,
        "64" : 0.000000,
        ">=64" : 0.000000
      },
      "iodepth_complete" : {
        "0" : 0.000000,
        "4" : 100.000000,
        "8" : 0.000000,
        "16" : 0.000000,
        "32" : 0.000000,
        "64" : 0.000000,
        ">=64" : 0.000000
      },
      "latency_ns" : {
        "2" : 0.000000,
        "4" : 0.000000,
        "10" : 0.000000,
        "20" : 0.000000,
        "50" : 0.000000,
        "100" : 0.000000,
        "250" : 0.000000,
        "500" : 0.000000,
        "750" : 0.000000,
        "1000" : 0.000000
      },
      "latency_us" : {
        "2" : 0.000000,
        "4" : 0.000000,
        "10" : 0.000000,
        "20" : 0.010000,
        "50" : 31.474613,
        "100" : 33.196959,
        "250" : 33.312297,
        "500" : 1.987063,
        "750" : 0.020518,
        "1000" : 0.000000
      },
      "latency_ms" : {
        "2" : 0.010000,
        "4" : 0.000000,
        "10" : 0.000000,
        "20" : 0.000000,
        "50" : 0.000000,
        "100" : 0.000000,
        "250" : 0.000000,
        "500" : 0.000000,
        "750" : 0.000000,
        "1000" : 0.000000,
        "2000" : 0.000000,
        ">=2000" : 0.000000
      },
      "latency_depth" : 1,
      "latency_target" : 0,
      "latency_percentile" : 100.000000,
      "latency_window" : 0
    }
  ],
  "disk_util" : [
    {
      "name" : "nvme0n2",
      "read_ios" : 1913814,
      "write_ios" : 0,
      "read_sectors" : 30621024,
      "write_sectors" : 0,
      "read_merges" : 0,
      "write_merges" : 0,
      "read_ticks" : 176430,
      "write_ticks" : 0,
      "in_queue" : 176429,
      "util" : 99.284010
    }
  ]
}
