{
  "fio version" : "fio-3.36-103-gb140f",
  "timestamp" : 1714282548,
  "timestamp_ms" : 1714282548260,
  "time" : "Sun Apr 28 01:35:48 2024",
  "global options" : {
    "numjobs" : "12",
    "zonemode" : "zbd",
    "job_max_open_zones" : "1",
    "direct" : "1",
    "buffered" : "0",
    "group_reporting" : "1",
    "bs" : "8k",
    "filename" : "/dev/nvme0n2"
  },
  "jobs" : [
    {
      "jobname" : "read",
      "groupid" : 0,
      "job_start" : 1714282535869,
      "error" : 0,
      "eta" : 0,
      "elapsed" : 13,
      "job options" : {
        "ioengine" : "sync",
        "size" : "1z",
        "rw" : "read",
        "offset_increment" : "1z"
      },
      "read" : {
        "io_bytes" : 13551796224,
        "io_kbytes" : 13234176,
        "bw_bytes" : 1102309762,
        "bw" : 1076474,
        "iops" : 134559.297218,
        "runtime" : 12294,
        "total_ios" : 1654272,
        "short_ios" : 0,
        "drop_ios" : 0,
        "slat_ns" : {
          "min" : 0,
          "max" : 0,
          "mean" : 0.000000,
          "stddev" : 0.000000,
          "N" : 0
        },
        "clat_ns" : {
          "min" : 34089,
          "max" : 587615,
          "mean" : 88390.642005,
          "stddev" : 51594.606626,
          "N" : 1654272,
          "percentile" : {
            "1.000000" : 35072,
            "5.000000" : 35584,
            "10.000000" : 36096,
            "20.000000" : 38144,
            "30.000000" : 41728,
            "40.000000" : 82432,
            "50.000000" : 86528,
            "60.000000" : 94720,
            "70.000000" : 99840,
            "80.000000" : 118272,
            "90.000000" : 152576,
            "95.000000" : 183296,
            "99.000000" : 268288,
            "99.500000" : 296960,
            "99.900000" : 370688,
            "99.950000" : 399360,
            "99.990000" : 497664
          }
        },
        "lat_ns" : {
          "min" : 34110,
          "max" : 587634,
          "mean" : 88414.846895,
          "stddev" : 51594.820011,
          "N" : 1654272
        },
        "bw_min" : 1026128,
        "bw_max" : 1136192,
        "bw_agg" : 100.000000,
        "bw_mean" : 1082479.333333,
        "bw_dev" : 2306.266670,
        "bw_samples" : 288,
        "iops_min" : 128266,
        "iops_max" : 142024,
        "iops_mean" : 135309.916667,
        "iops_stddev" : 288.283334,
        "iops_samples" : 288
      },
      "write" : {
        "io_bytes" : 0,
        "io_kbytes" : 0,
        "bw_bytes" : 0,
        "bw" : 0,
        "iops" : 0.000000,
        "runtime" : 0,
        "total_ios" : 0,
        "short_ios" : 0,
        "drop_ios" : 0,
        "slat_ns" : {
          "min" : 0,
          "max" : 0,
          "mean" : 0.000000,
          "stddev" : 0.000000,
          "N" : 0
        },
        "clat_ns" : {
          "min" : 0,
          "max" : 0,
          "mean" : 0.000000,
          "stddev" : 0.000000,
          "N" : 0
        },
        "lat_ns" : {
          "min" : 0,
          "max" : 0,
          "mean" : 0.000000,
          "stddev" : 0.000000,
          "N" : 0
        },
        "bw_min" : 0,
        "bw_max" : 0,
        "bw_agg" : 0.000000,
        "bw_mean" : 0.000000,
        "bw_dev" : 0.000000,
        "bw_samples" : 0,
        "iops_min" : 0,
        "iops_max" : 0,
        "iops_mean" : 0.000000,
        "iops_stddev" : 0.000000,
        "iops_samples" : 0
      },
      "trim" : {
        "io_bytes" : 0,
        "io_kbytes" : 0,
        "bw_bytes" : 0,
        "bw" : 0,
        "iops" : 0.000000,
        "runtime" : 0,
        "total_ios" : 0,
        "short_ios" : 0,
        "drop_ios" : 0,
        "slat_ns" : {
          "min" : 0,
          "max" : 0,
          "mean" : 0.000000,
          "stddev" : 0.000000,
          "N" : 0
        },
        "clat_ns" : {
          "min" : 0,
          "max" : 0,
          "mean" : 0.000000,
          "stddev" : 0.000000,
          "N" : 0
        },
        "lat_ns" : {
          "min" : 0,
          "max" : 0,
          "mean" : 0.000000,
          "stddev" : 0.000000,
          "N" : 0
        },
        "bw_min" : 0,
        "bw_max" : 0,
        "bw_agg" : 0.000000,
        "bw_mean" : 0.000000,
        "bw_dev" : 0.000000,
        "bw_samples" : 0,
        "iops_min" : 0,
        "iops_max" : 0,
        "iops_mean" : 0.000000,
        "iops_stddev" : 0.000000,
        "iops_samples" : 0
      },
      "sync" : {
        "total_ios" : 0,
        "lat_ns" : {
          "min" : 0,
          "max" : 0,
          "mean" : 0.000000,
          "stddev" : 0.000000,
          "N" : 0
        }
      },
      "job_runtime" : 146610,
      "usr_cpu" : 0.656163,
      "sys_cpu" : 2.244049,
      "ctx" : 3320347,
      "majf" : 0,
      "minf" : 195,
      "iodepth_level" : {
        "1" : 100.000000,
        "2" : 0.000000,
        "4" : 0.000000,
        "8" : 0.000000,
        "16" : 0.000000,
        "32" : 0.000000,
        ">=64" : 0.000000
      },
      "iodepth_submit" : {
        "0" : 0.000000,
        "4" : 100.000000,
        "8" : 0.000000,
        "16" : 0.000000,
        "32" : 0.000000,
        "64" : 0.000000,
        ">=64" : 0.000000
      },
      "iodepth_complete" : {
        "0" : 0.000000,
        "4" : 100.000000,
        "8" : 0.000000,
        "16" : 0.000000,
        "32" : 0.000000,
        "64" : 0.000000,
        ">=64" : 0.000000
      },
      "latency_ns" : {
        "2" : 0.000000,
        "4" : 0.000000,
        "10" : 0.000000,
        "20" : 0.000000,
        "50" : 0.000000,
        "100" : 0.000000,
        "250" : 0.000000,
        "500" : 0.000000,
        "750" : 0.000000,
        "1000" : 0.000000
      },
      "latency_us" : {
        "2" : 0.000000,
        "4" : 0.000000,
        "10" : 0.000000,
        "20" : 0.000000,
        "50" : 34.033218,
        "100" : 35.585684,
        "250" : 29.106157,
        "500" : 1.265270,
        "750" : 0.010000,
        "1000" : 0.000000
      },
      "latency_ms" : {
        "2" : 0.000000,
        "4" : 0.000000,
        "10" : 0.000000,
        "20" : 0.000000,
        "50" : 0.000000,
        "100" : 0.000000,
        "250" : 0.000000,
        "500" : 0.000000,
        "750" : 0.000000,
        "1000" : 0.000000,
        "2000" : 0.000000,
        ">=2000" : 0.000000
      },
      "latency_depth" : 1,
      "latency_target" : 0,
      "latency_percentile" : 100.000000,
      "latency_window" : 0
    }
  ],
  "disk_util" : [
    {
      "name" : "nvme0n2",
      "read_ios" : 1642650,
      "write_ios" : 0,
      "read_sectors" : 26282400,
      "write_sectors" : 0,
      "read_merges" : 0,
      "write_merges" : 0,
      "read_ticks" : 142498,
      "write_ticks" : 0,
      "in_queue" : 142499,
      "util" : 99.215686
    }
  ]
}
