{
  "fio version" : "fio-3.36-103-gb140f",
  "timestamp" : 1714284006,
  "timestamp_ms" : 1714284006493,
  "time" : "Sun Apr 28 02:00:06 2024",
  "global options" : {
    "iodepth" : "64",
    "numjobs" : "1",
    "zonemode" : "zbd",
    "job_max_open_zones" : "1",
    "direct" : "1",
    "buffered" : "0",
    "group_reporting" : "1",
    "bs" : "4k",
    "filename" : "/dev/nvme0n2"
  },
  "jobs" : [
    {
      "jobname" : "write",
      "groupid" : 0,
      "job_start" : 1714284005492,
      "error" : 0,
      "eta" : 2147483647,
      "elapsed" : 2,
      "job options" : {
        "ioscheduler" : "mq-deadline",
        "ioengine" : "io_uring",
        "rw" : "write",
        "size" : "1z",
        "sqthread_poll" : "1"
      },
      "read" : {
        "io_bytes" : 0,
        "io_kbytes" : 0,
        "bw_bytes" : 0,
        "bw" : 0,
        "iops" : 0.000000,
        "runtime" : 0,
        "total_ios" : 0,
        "short_ios" : 0,
        "drop_ios" : 0,
        "slat_ns" : {
          "min" : 0,
          "max" : 0,
          "mean" : 0.000000,
          "stddev" : 0.000000,
          "N" : 0
        },
        "clat_ns" : {
          "min" : 0,
          "max" : 0,
          "mean" : 0.000000,
          "stddev" : 0.000000,
          "N" : 0
        },
        "lat_ns" : {
          "min" : 0,
          "max" : 0,
          "mean" : 0.000000,
          "stddev" : 0.000000,
          "N" : 0
        },
        "bw_min" : 0,
        "bw_max" : 0,
        "bw_agg" : 0.000000,
        "bw_mean" : 0.000000,
        "bw_dev" : 0.000000,
        "bw_samples" : 0,
        "iops_min" : 0,
        "iops_max" : 0,
        "iops_mean" : 0.000000,
        "iops_stddev" : 0.000000,
        "iops_samples" : 0
      },
      "write" : {
        "io_bytes" : 1129316352,
        "io_kbytes" : 1102848,
        "bw_bytes" : 1210414096,
        "bw" : 1182045,
        "iops" : 295511.254019,
        "runtime" : 933,
        "total_ios" : 275712,
        "short_ios" : 0,
        "drop_ios" : 0,
        "slat_ns" : {
          "min" : 0,
          "max" : 0,
          "mean" : 0.000000,
          "stddev" : 0.000000,
          "N" : 0
        },
        "clat_ns" : {
          "min" : 102324,
          "max" : 3969161,
          "mean" : 216115.143229,
          "stddev" : 257701.740046,
          "N" : 275712,
          "percentile" : {
            "1.000000" : 114176,
            "5.000000" : 117248,
            "10.000000" : 119296,
            "20.000000" : 123392,
            "30.000000" : 125440,
            "40.000000" : 128512,
            "50.000000" : 130560,
            "60.000000" : 134144,
            "70.000000" : 138240,
            "80.000000" : 150528,
            "90.000000" : 378880,
            "95.000000" : 970752,
            "99.000000" : 1155072,
            "99.500000" : 1204224,
            "99.900000" : 1449984,
            "99.950000" : 2965504,
            "99.990000" : 3915776
          }
        },
        "lat_ns" : {
          "min" : 102356,
          "max" : 3969205,
          "mean" : 216147.659043,
          "stddev" : 257701.732154,
          "N" : 275712
        },
        "bw_min" : 1185936,
        "bw_max" : 1185936,
        "bw_agg" : 100.000000,
        "bw_mean" : 1185936.000000,
        "bw_dev" : 0.000000,
        "bw_samples" : 1,
        "iops_min" : 296484,
        "iops_max" : 296484,
        "iops_mean" : 296484.000000,
        "iops_stddev" : 0.000000,
        "iops_samples" : 1
      },
      "trim" : {
        "io_bytes" : 0,
        "io_kbytes" : 0,
        "bw_bytes" : 0,
        "bw" : 0,
        "iops" : 0.000000,
        "runtime" : 0,
        "total_ios" : 0,
        "short_ios" : 0,
        "drop_ios" : 0,
        "slat_ns" : {
          "min" : 0,
          "max" : 0,
          "mean" : 0.000000,
          "stddev" : 0.000000,
          "N" : 0
        },
        "clat_ns" : {
          "min" : 0,
          "max" : 0,
          "mean" : 0.000000,
          "stddev" : 0.000000,
          "N" : 0
        },
        "lat_ns" : {
          "min" : 0,
          "max" : 0,
          "mean" : 0.000000,
          "stddev" : 0.000000,
          "N" : 0
        },
        "bw_min" : 0,
        "bw_max" : 0,
        "bw_agg" : 0.000000,
        "bw_mean" : 0.000000,
        "bw_dev" : 0.000000,
        "bw_samples" : 0,
        "iops_min" : 0,
        "iops_max" : 0,
        "iops_mean" : 0.000000,
        "iops_stddev" : 0.000000,
        "iops_samples" : 0
      },
      "sync" : {
        "total_ios" : 0,
        "lat_ns" : {
          "min" : 0,
          "max" : 0,
          "mean" : 0.000000,
          "stddev" : 0.000000,
          "N" : 0
        }
      },
      "job_runtime" : 932,
      "usr_cpu" : 99.141631,
      "sys_cpu" : 0.321888,
      "ctx" : 4,
      "majf" : 0,
      "minf" : 7,
      "iodepth_level" : {
        "1" : 0.100000,
        "2" : 0.100000,
        "4" : 0.100000,
        "8" : 0.100000,
        "16" : 0.100000,
        "32" : 0.100000,
        ">=64" : 99.977150
      },
      "iodepth_submit" : {
        "0" : 0.000000,
        "4" : 100.000000,
        "8" : 0.000000,
        "16" : 0.000000,
        "32" : 0.000000,
        "64" : 0.000000,
        ">=64" : 0.000000
      },
      "iodepth_complete" : {
        "0" : 0.000000,
        "4" : 99.999637,
        "8" : 0.000000,
        "16" : 0.000000,
        "32" : 0.000000,
        "64" : 0.100000,
        ">=64" : 0.000000
      },
      "latency_ns" : {
        "2" : 0.000000,
        "4" : 0.000000,
        "10" : 0.000000,
        "20" : 0.000000,
        "50" : 0.000000,
        "100" : 0.000000,
        "250" : 0.000000,
        "500" : 0.000000,
        "750" : 0.000000,
        "1000" : 0.000000
      },
      "latency_us" : {
        "2" : 0.000000,
        "4" : 0.000000,
        "10" : 0.000000,
        "20" : 0.000000,
        "50" : 0.000000,
        "100" : 0.000000,
        "250" : 87.083261,
        "500" : 3.978789,
        "750" : 1.365193,
        "1000" : 3.425313
      },
      "latency_ms" : {
        "2" : 4.077806,
        "4" : 0.069638,
        "10" : 0.000000,
        "20" : 0.000000,
        "50" : 0.000000,
        "100" : 0.000000,
        "250" : 0.000000,
        "500" : 0.000000,
        "750" : 0.000000,
        "1000" : 0.000000,
        "2000" : 0.000000,
        ">=2000" : 0.000000
      },
      "latency_depth" : 64,
      "latency_target" : 0,
      "latency_percentile" : 100.000000,
      "latency_window" : 0
    }
  ],
  "disk_util" : [
    {
      "name" : "nvme0n2",
      "read_ios" : 0,
      "write_ios" : 8246,
      "read_sectors" : 0,
      "write_sectors" : 2106512,
      "read_merges" : 0,
      "write_merges" : 255130,
      "read_ticks" : 0,
      "write_ticks" : 1750,
      "in_queue" : 1750,
      "util" : 90.010091
    }
  ]
}
