{
  "fio version" : "fio-3.36-103-gb140f",
  "timestamp" : 1711834993,
  "timestamp_ms" : 1711834993513,
  "time" : "Sat Mar 30 17:43:13 2024",
  "global options" : {
    "numjobs" : "5",
    "zonemode" : "zbd",
    "job_max_open_zones" : "1",
    "direct" : "1",
    "buffered" : "0",
    "group_reporting" : "1",
    "filename" : "/dev/nvme0n2"
  },
  "jobs" : [
    {
      "jobname" : "write",
      "groupid" : 0,
      "job_start" : 1711834985372,
      "error" : 0,
      "eta" : 0,
      "elapsed" : 9,
      "job options" : {
        "ioengine" : "sync",
        "rw" : "write",
        "size" : "1z",
        "offset_increment" : "1z"
      },
      "read" : {
        "io_bytes" : 0,
        "io_kbytes" : 0,
        "bw_bytes" : 0,
        "bw" : 0,
        "iops" : 0.000000,
        "runtime" : 0,
        "total_ios" : 0,
        "short_ios" : 0,
        "drop_ios" : 0,
        "slat_ns" : {
          "min" : 0,
          "max" : 0,
          "mean" : 0.000000,
          "stddev" : 0.000000,
          "N" : 0
        },
        "clat_ns" : {
          "min" : 0,
          "max" : 0,
          "mean" : 0.000000,
          "stddev" : 0.000000,
          "N" : 0
        },
        "lat_ns" : {
          "min" : 0,
          "max" : 0,
          "mean" : 0.000000,
          "stddev" : 0.000000,
          "N" : 0
        },
        "bw_min" : 0,
        "bw_max" : 0,
        "bw_agg" : 0.000000,
        "bw_mean" : 0.000000,
        "bw_dev" : 0.000000,
        "bw_samples" : 0,
        "iops_min" : 0,
        "iops_max" : 0,
        "iops_mean" : 0.000000,
        "iops_stddev" : 0.000000,
        "iops_samples" : 0
      },
      "write" : {
        "io_bytes" : 5646581760,
        "io_kbytes" : 5514240,
        "bw_bytes" : 716753206,
        "bw" : 699954,
        "iops" : 174988.575781,
        "runtime" : 7878,
        "total_ios" : 1378560,
        "short_ios" : 0,
        "drop_ios" : 0,
        "slat_ns" : {
          "min" : 0,
          "max" : 0,
          "mean" : 0.000000,
          "stddev" : 0.000000,
          "N" : 0
        },
        "clat_ns" : {
          "min" : 11611,
          "max" : 376729,
          "mean" : 27420.064480,
          "stddev" : 4638.985489,
          "N" : 1378560,
          "percentile" : {
            "1.000000" : 18816,
            "5.000000" : 21120,
            "10.000000" : 22400,
            "20.000000" : 23680,
            "30.000000" : 24960,
            "40.000000" : 25984,
            "50.000000" : 27008,
            "60.000000" : 28032,
            "70.000000" : 29312,
            "80.000000" : 30848,
            "90.000000" : 33024,
            "95.000000" : 35072,
            "99.000000" : 39680,
            "99.500000" : 41728,
            "99.900000" : 51456,
            "99.950000" : 60160,
            "99.990000" : 103936
          }
        },
        "lat_ns" : {
          "min" : 11631,
          "max" : 376795,
          "mean" : 27497.966939,
          "stddev" : 4659.235150,
          "N" : 1378560
        },
        "bw_min" : 664552,
        "bw_max" : 732776,
        "bw_agg" : 100.000000,
        "bw_mean" : 703369.600000,
        "bw_dev" : 3513.630059,
        "bw_samples" : 75,
        "iops_min" : 166138,
        "iops_max" : 183194,
        "iops_mean" : 175842.400000,
        "iops_stddev" : 878.382531,
        "iops_samples" : 75
      },
      "trim" : {
        "io_bytes" : 0,
        "io_kbytes" : 0,
        "bw_bytes" : 0,
        "bw" : 0,
        "iops" : 0.000000,
        "runtime" : 0,
        "total_ios" : 0,
        "short_ios" : 0,
        "drop_ios" : 0,
        "slat_ns" : {
          "min" : 0,
          "max" : 0,
          "mean" : 0.000000,
          "stddev" : 0.000000,
          "N" : 0
        },
        "clat_ns" : {
          "min" : 0,
          "max" : 0,
          "mean" : 0.000000,
          "stddev" : 0.000000,
          "N" : 0
        },
        "lat_ns" : {
          "min" : 0,
          "max" : 0,
          "mean" : 0.000000,
          "stddev" : 0.000000,
          "N" : 0
        },
        "bw_min" : 0,
        "bw_max" : 0,
        "bw_agg" : 0.000000,
        "bw_mean" : 0.000000,
        "bw_dev" : 0.000000,
        "bw_samples" : 0,
        "iops_min" : 0,
        "iops_max" : 0,
        "iops_mean" : 0.000000,
        "iops_stddev" : 0.000000,
        "iops_samples" : 0
      },
      "sync" : {
        "total_ios" : 0,
        "lat_ns" : {
          "min" : 0,
          "max" : 0,
          "mean" : 0.000000,
          "stddev" : 0.000000,
          "N" : 0
        }
      },
      "job_runtime" : 39117,
      "usr_cpu" : 6.577703,
      "sys_cpu" : 18.753994,
      "ctx" : 1378899,
      "majf" : 0,
      "minf" : 75,
      "iodepth_level" : {
        "1" : 100.000000,
        "2" : 0.000000,
        "4" : 0.000000,
        "8" : 0.000000,
        "16" : 0.000000,
        "32" : 0.000000,
        ">=64" : 0.000000
      },
      "iodepth_submit" : {
        "0" : 0.000000,
        "4" : 100.000000,
        "8" : 0.000000,
        "16" : 0.000000,
        "32" : 0.000000,
        "64" : 0.000000,
        ">=64" : 0.000000
      },
      "iodepth_complete" : {
        "0" : 0.000000,
        "4" : 100.000000,
        "8" : 0.000000,
        "16" : 0.000000,
        "32" : 0.000000,
        "64" : 0.000000,
        ">=64" : 0.000000
      },
      "latency_ns" : {
        "2" : 0.000000,
        "4" : 0.000000,
        "10" : 0.000000,
        "20" : 0.000000,
        "50" : 0.000000,
        "100" : 0.000000,
        "250" : 0.000000,
        "500" : 0.000000,
        "750" : 0.000000,
        "1000" : 0.000000
      },
      "latency_us" : {
        "2" : 0.000000,
        "4" : 0.000000,
        "10" : 0.000000,
        "20" : 2.257065,
        "50" : 97.623390,
        "100" : 0.108011,
        "250" : 0.010953,
        "500" : 0.010000,
        "750" : 0.000000,
        "1000" : 0.000000
      },
      "latency_ms" : {
        "2" : 0.000000,
        "4" : 0.000000,
        "10" : 0.000000,
        "20" : 0.000000,
        "50" : 0.000000,
        "100" : 0.000000,
        "250" : 0.000000,
        "500" : 0.000000,
        "750" : 0.000000,
        "1000" : 0.000000,
        "2000" : 0.000000,
        ">=2000" : 0.000000
      },
      "latency_depth" : 1,
      "latency_target" : 0,
      "latency_percentile" : 100.000000,
      "latency_window" : 0
    }
  ],
  "disk_util" : [
    {
      "name" : "nvme0n2",
      "read_ios" : 0,
      "write_ios" : 1342550,
      "read_sectors" : 0,
      "write_sectors" : 10740400,
      "read_merges" : 0,
      "write_merges" : 0,
      "read_ticks" : 0,
      "write_ticks" : 28911,
      "in_queue" : 28912,
      "util" : 98.785216
    }
  ]
}
