{
  "fio version" : "fio-3.36-103-gb140f",
  "timestamp" : 1711835089,
  "timestamp_ms" : 1711835089559,
  "time" : "Sat Mar 30 17:44:49 2024",
  "global options" : {
    "numjobs" : "12",
    "zonemode" : "zbd",
    "job_max_open_zones" : "1",
    "direct" : "1",
    "buffered" : "0",
    "group_reporting" : "1",
    "filename" : "/dev/nvme0n2"
  },
  "jobs" : [
    {
      "jobname" : "write",
      "groupid" : 0,
      "job_start" : 1711835071919,
      "error" : 0,
      "eta" : 0,
      "elapsed" : 18,
      "job options" : {
        "ioengine" : "sync",
        "rw" : "write",
        "size" : "1z",
        "offset_increment" : "1z"
      },
      "read" : {
        "io_bytes" : 0,
        "io_kbytes" : 0,
        "bw_bytes" : 0,
        "bw" : 0,
        "iops" : 0.000000,
        "runtime" : 0,
        "total_ios" : 0,
        "short_ios" : 0,
        "drop_ios" : 0,
        "slat_ns" : {
          "min" : 0,
          "max" : 0,
          "mean" : 0.000000,
          "stddev" : 0.000000,
          "N" : 0
        },
        "clat_ns" : {
          "min" : 0,
          "max" : 0,
          "mean" : 0.000000,
          "stddev" : 0.000000,
          "N" : 0
        },
        "lat_ns" : {
          "min" : 0,
          "max" : 0,
          "mean" : 0.000000,
          "stddev" : 0.000000,
          "N" : 0
        },
        "bw_min" : 0,
        "bw_max" : 0,
        "bw_agg" : 0.000000,
        "bw_mean" : 0.000000,
        "bw_dev" : 0.000000,
        "bw_samples" : 0,
        "iops_min" : 0,
        "iops_max" : 0,
        "iops_mean" : 0.000000,
        "iops_stddev" : 0.000000,
        "iops_samples" : 0
      },
      "write" : {
        "io_bytes" : 13551796224,
        "io_kbytes" : 13234176,
        "bw_bytes" : 770908255,
        "bw" : 752840,
        "iops" : 188210.023323,
        "runtime" : 17579,
        "total_ios" : 3308544,
        "short_ios" : 0,
        "drop_ios" : 0,
        "slat_ns" : {
          "min" : 0,
          "max" : 0,
          "mean" : 0.000000,
          "stddev" : 0.000000,
          "N" : 0
        },
        "clat_ns" : {
          "min" : 12015,
          "max" : 1149777,
          "mean" : 63488.592735,
          "stddev" : 9075.802386,
          "N" : 3308544,
          "percentile" : {
            "1.000000" : 50432,
            "5.000000" : 54016,
            "10.000000" : 55552,
            "20.000000" : 58112,
            "30.000000" : 59648,
            "40.000000" : 61184,
            "50.000000" : 62720,
            "60.000000" : 64256,
            "70.000000" : 66048,
            "80.000000" : 68096,
            "90.000000" : 71168,
            "95.000000" : 74240,
            "99.000000" : 81408,
            "99.500000" : 85504,
            "99.900000" : 107008,
            "99.950000" : 120320,
            "99.990000" : 428032
          }
        },
        "lat_ns" : {
          "min" : 12036,
          "max" : 1149809,
          "mean" : 63522.875734,
          "stddev" : 9075.817399,
          "N" : 3308544
        },
        "bw_min" : 746992,
        "bw_max" : 755592,
        "bw_agg" : 100.000000,
        "bw_mean" : 753138.742857,
        "bw_dev" : 166.149981,
        "bw_samples" : 420,
        "iops_min" : 186748,
        "iops_max" : 188898,
        "iops_mean" : 188284.685714,
        "iops_stddev" : 41.537495,
        "iops_samples" : 420
      },
      "trim" : {
        "io_bytes" : 0,
        "io_kbytes" : 0,
        "bw_bytes" : 0,
        "bw" : 0,
        "iops" : 0.000000,
        "runtime" : 0,
        "total_ios" : 0,
        "short_ios" : 0,
        "drop_ios" : 0,
        "slat_ns" : {
          "min" : 0,
          "max" : 0,
          "mean" : 0.000000,
          "stddev" : 0.000000,
          "N" : 0
        },
        "clat_ns" : {
          "min" : 0,
          "max" : 0,
          "mean" : 0.000000,
          "stddev" : 0.000000,
          "N" : 0
        },
        "lat_ns" : {
          "min" : 0,
          "max" : 0,
          "mean" : 0.000000,
          "stddev" : 0.000000,
          "N" : 0
        },
        "bw_min" : 0,
        "bw_max" : 0,
        "bw_agg" : 0.000000,
        "bw_mean" : 0.000000,
        "bw_dev" : 0.000000,
        "bw_samples" : 0,
        "iops_min" : 0,
        "iops_max" : 0,
        "iops_mean" : 0.000000,
        "iops_stddev" : 0.000000,
        "iops_samples" : 0
      },
      "sync" : {
        "total_ios" : 0,
        "lat_ns" : {
          "min" : 0,
          "max" : 0,
          "mean" : 0.000000,
          "stddev" : 0.000000,
          "N" : 0
        }
      },
      "job_runtime" : 210846,
      "usr_cpu" : 0.931960,
      "sys_cpu" : 2.198761,
      "ctx" : 3308753,
      "majf" : 0,
      "minf" : 181,
      "iodepth_level" : {
        "1" : 100.000000,
        "2" : 0.000000,
        "4" : 0.000000,
        "8" : 0.000000,
        "16" : 0.000000,
        "32" : 0.000000,
        ">=64" : 0.000000
      },
      "iodepth_submit" : {
        "0" : 0.000000,
        "4" : 100.000000,
        "8" : 0.000000,
        "16" : 0.000000,
        "32" : 0.000000,
        "64" : 0.000000,
        ">=64" : 0.000000
      },
      "iodepth_complete" : {
        "0" : 0.000000,
        "4" : 100.000000,
        "8" : 0.000000,
        "16" : 0.000000,
        "32" : 0.000000,
        "64" : 0.000000,
        ">=64" : 0.000000
      },
      "latency_ns" : {
        "2" : 0.000000,
        "4" : 0.000000,
        "10" : 0.000000,
        "20" : 0.000000,
        "50" : 0.000000,
        "100" : 0.000000,
        "250" : 0.000000,
        "500" : 0.000000,
        "750" : 0.000000,
        "1000" : 0.000000
      },
      "latency_us" : {
        "2" : 0.000000,
        "4" : 0.000000,
        "10" : 0.000000,
        "20" : 0.021550,
        "50" : 0.810840,
        "100" : 99.016758,
        "250" : 0.132747,
        "500" : 0.010246,
        "750" : 0.010000,
        "1000" : 0.010000
      },
      "latency_ms" : {
        "2" : 0.010000,
        "4" : 0.000000,
        "10" : 0.000000,
        "20" : 0.000000,
        "50" : 0.000000,
        "100" : 0.000000,
        "250" : 0.000000,
        "500" : 0.000000,
        "750" : 0.000000,
        "1000" : 0.000000,
        "2000" : 0.000000,
        ">=2000" : 0.000000
      },
      "latency_depth" : 1,
      "latency_target" : 0,
      "latency_percentile" : 100.000000,
      "latency_window" : 0
    }
  ],
  "disk_util" : [
    {
      "name" : "nvme0n2",
      "read_ios" : 0,
      "write_ios" : 3273471,
      "read_sectors" : 0,
      "write_sectors" : 26187768,
      "read_merges" : 0,
      "write_merges" : 0,
      "read_ticks" : 0,
      "write_ticks" : 202373,
      "in_queue" : 202373,
      "util" : 99.451052
    }
  ]
}
