{
  "fio version" : "fio-3.36-103-gb140f",
  "timestamp" : 1711832366,
  "timestamp_ms" : 1711832366111,
  "time" : "Sat Mar 30 16:59:26 2024",
  "global options" : {
    "numjobs" : "6",
    "zonemode" : "zbd",
    "job_max_open_zones" : "1",
    "direct" : "1",
    "buffered" : "0",
    "group_reporting" : "1",
    "filename" : "/dev/nvme0n2"
  },
  "jobs" : [
    {
      "jobname" : "read",
      "groupid" : 0,
      "job_start" : 1711832350970,
      "error" : 0,
      "eta" : 0,
      "elapsed" : 16,
      "job options" : {
        "ioengine" : "sync",
        "rw" : "read",
        "size" : "1z",
        "offset_increment" : "1z"
      },
      "read" : {
        "io_bytes" : 6775898112,
        "io_kbytes" : 6617088,
        "bw_bytes" : 450405351,
        "bw" : 439848,
        "iops" : 109962.244084,
        "runtime" : 15044,
        "total_ios" : 1654272,
        "short_ios" : 0,
        "drop_ios" : 0,
        "slat_ns" : {
          "min" : 0,
          "max" : 0,
          "mean" : 0.000000,
          "stddev" : 0.000000,
          "N" : 0
        },
        "clat_ns" : {
          "min" : 30473,
          "max" : 537668,
          "mean" : 53484.954793,
          "stddev" : 31188.664851,
          "N" : 1654272,
          "percentile" : {
            "1.000000" : 31360,
            "5.000000" : 31616,
            "10.000000" : 31872,
            "20.000000" : 32128,
            "30.000000" : 32384,
            "40.000000" : 33024,
            "50.000000" : 34560,
            "60.000000" : 39168,
            "70.000000" : 76288,
            "80.000000" : 81408,
            "90.000000" : 94720,
            "95.000000" : 118272,
            "99.000000" : 148480,
            "99.500000" : 173056,
            "99.900000" : 203776,
            "99.950000" : 228352,
            "99.990000" : 288768
          }
        },
        "lat_ns" : {
          "min" : 30544,
          "max" : 537748,
          "mean" : 53574.436645,
          "stddev" : 31191.482344,
          "N" : 1654272
        },
        "bw_min" : 411640,
        "bw_max" : 464968,
        "bw_agg" : 100.000000,
        "bw_mean" : 442123.675862,
        "bw_dev" : 2092.475975,
        "bw_samples" : 177,
        "iops_min" : 102910,
        "iops_max" : 116242,
        "iops_mean" : 110530.910345,
        "iops_stddev" : 523.117120,
        "iops_samples" : 177
      },
      "write" : {
        "io_bytes" : 0,
        "io_kbytes" : 0,
        "bw_bytes" : 0,
        "bw" : 0,
        "iops" : 0.000000,
        "runtime" : 0,
        "total_ios" : 0,
        "short_ios" : 0,
        "drop_ios" : 0,
        "slat_ns" : {
          "min" : 0,
          "max" : 0,
          "mean" : 0.000000,
          "stddev" : 0.000000,
          "N" : 0
        },
        "clat_ns" : {
          "min" : 0,
          "max" : 0,
          "mean" : 0.000000,
          "stddev" : 0.000000,
          "N" : 0
        },
        "lat_ns" : {
          "min" : 0,
          "max" : 0,
          "mean" : 0.000000,
          "stddev" : 0.000000,
          "N" : 0
        },
        "bw_min" : 0,
        "bw_max" : 0,
        "bw_agg" : 0.000000,
        "bw_mean" : 0.000000,
        "bw_dev" : 0.000000,
        "bw_samples" : 0,
        "iops_min" : 0,
        "iops_max" : 0,
        "iops_mean" : 0.000000,
        "iops_stddev" : 0.000000,
        "iops_samples" : 0
      },
      "trim" : {
        "io_bytes" : 0,
        "io_kbytes" : 0,
        "bw_bytes" : 0,
        "bw" : 0,
        "iops" : 0.000000,
        "runtime" : 0,
        "total_ios" : 0,
        "short_ios" : 0,
        "drop_ios" : 0,
        "slat_ns" : {
          "min" : 0,
          "max" : 0,
          "mean" : 0.000000,
          "stddev" : 0.000000,
          "N" : 0
        },
        "clat_ns" : {
          "min" : 0,
          "max" : 0,
          "mean" : 0.000000,
          "stddev" : 0.000000,
          "N" : 0
        },
        "lat_ns" : {
          "min" : 0,
          "max" : 0,
          "mean" : 0.000000,
          "stddev" : 0.000000,
          "N" : 0
        },
        "bw_min" : 0,
        "bw_max" : 0,
        "bw_agg" : 0.000000,
        "bw_mean" : 0.000000,
        "bw_dev" : 0.000000,
        "bw_samples" : 0,
        "iops_min" : 0,
        "iops_max" : 0,
        "iops_mean" : 0.000000,
        "iops_stddev" : 0.000000,
        "iops_samples" : 0
      },
      "sync" : {
        "total_ios" : 0,
        "lat_ns" : {
          "min" : 0,
          "max" : 0,
          "mean" : 0.000000,
          "stddev" : 0.000000,
          "N" : 0
        }
      },
      "job_runtime" : 89914,
      "usr_cpu" : 3.576751,
      "sys_cpu" : 11.713415,
      "ctx" : 1654615,
      "majf" : 0,
      "minf" : 86,
      "iodepth_level" : {
        "1" : 100.000000,
        "2" : 0.000000,
        "4" : 0.000000,
        "8" : 0.000000,
        "16" : 0.000000,
        "32" : 0.000000,
        ">=64" : 0.000000
      },
      "iodepth_submit" : {
        "0" : 0.000000,
        "4" : 100.000000,
        "8" : 0.000000,
        "16" : 0.000000,
        "32" : 0.000000,
        "64" : 0.000000,
        ">=64" : 0.000000
      },
      "iodepth_complete" : {
        "0" : 0.000000,
        "4" : 100.000000,
        "8" : 0.000000,
        "16" : 0.000000,
        "32" : 0.000000,
        "64" : 0.000000,
        ">=64" : 0.000000
      },
      "latency_ns" : {
        "2" : 0.000000,
        "4" : 0.000000,
        "10" : 0.000000,
        "20" : 0.000000,
        "50" : 0.000000,
        "100" : 0.000000,
        "250" : 0.000000,
        "500" : 0.000000,
        "750" : 0.000000,
        "1000" : 0.000000
      },
      "latency_us" : {
        "2" : 0.000000,
        "4" : 0.000000,
        "10" : 0.000000,
        "20" : 0.000000,
        "50" : 67.856072,
        "100" : 23.672528,
        "250" : 8.451029,
        "500" : 0.020311,
        "750" : 0.010000,
        "1000" : 0.000000
      },
      "latency_ms" : {
        "2" : 0.000000,
        "4" : 0.000000,
        "10" : 0.000000,
        "20" : 0.000000,
        "50" : 0.000000,
        "100" : 0.000000,
        "250" : 0.000000,
        "500" : 0.000000,
        "750" : 0.000000,
        "1000" : 0.000000,
        "2000" : 0.000000,
        ">=2000" : 0.000000
      },
      "latency_depth" : 1,
      "latency_target" : 0,
      "latency_percentile" : 100.000000,
      "latency_window" : 0
    }
  ],
  "disk_util" : [
    {
      "name" : "nvme0n2",
      "read_ios" : 1643130,
      "write_ios" : 0,
      "read_sectors" : 13145040,
      "write_sectors" : 0,
      "read_merges" : 0,
      "write_merges" : 0,
      "read_ticks" : 76292,
      "write_ticks" : 0,
      "in_queue" : 76291,
      "util" : 99.439252
    }
  ]
}
