{
  "fio version" : "fio-3.36-103-gb140f",
  "timestamp" : 1711836009,
  "timestamp_ms" : 1711836009712,
  "time" : "Sat Mar 30 18:00:09 2024",
  "global options" : {
    "numjobs" : "13",
    "zonemode" : "zbd",
    "job_max_open_zones" : "1",
    "direct" : "1",
    "buffered" : "0",
    "group_reporting" : "1",
    "filename" : "/dev/nvme0n2"
  },
  "jobs" : [
    {
      "jobname" : "read",
      "groupid" : 0,
      "job_start" : 1711835958571,
      "error" : 0,
      "eta" : 0,
      "elapsed" : 52,
      "job options" : {
        "ioengine" : "sync",
        "rw" : "randread",
        "size" : "1z",
        "offset_increment" : "1z"
      },
      "read" : {
        "io_bytes" : 27917287424,
        "io_kbytes" : 27262976,
        "bw_bytes" : 546551174,
        "bw" : 533741,
        "iops" : 133435.345250,
        "runtime" : 51079,
        "total_ios" : 6815744,
        "short_ios" : 0,
        "drop_ios" : 0,
        "slat_ns" : {
          "min" : 0,
          "max" : 0,
          "mean" : 0.000000,
          "stddev" : 0.000000,
          "N" : 0
        },
        "clat_ns" : {
          "min" : 20871,
          "max" : 601460,
          "mean" : 95503.925655,
          "stddev" : 22062.732801,
          "N" : 6815744,
          "percentile" : {
            "1.000000" : 76288,
            "5.000000" : 77312,
            "10.000000" : 77312,
            "20.000000" : 79360,
            "30.000000" : 82432,
            "40.000000" : 86528,
            "50.000000" : 89600,
            "60.000000" : 91648,
            "70.000000" : 96768,
            "80.000000" : 103936,
            "90.000000" : 126464,
            "95.000000" : 142336,
            "99.000000" : 179200,
            "99.500000" : 195584,
            "99.900000" : 230400,
            "99.950000" : 244736,
            "99.990000" : 280576
          }
        },
        "lat_ns" : {
          "min" : 21024,
          "max" : 601637,
          "mean" : 95616.077195,
          "stddev" : 22069.072214,
          "N" : 6815744
        },
        "bw_min" : 514064,
        "bw_max" : 554840,
        "bw_agg" : 100.000000,
        "bw_mean" : 534681.146185,
        "bw_dev" : 625.995297,
        "bw_samples" : 1318,
        "iops_min" : 128516,
        "iops_max" : 138710,
        "iops_mean" : 133670.286546,
        "iops_stddev" : 156.498824,
        "iops_samples" : 1318
      },
      "write" : {
        "io_bytes" : 0,
        "io_kbytes" : 0,
        "bw_bytes" : 0,
        "bw" : 0,
        "iops" : 0.000000,
        "runtime" : 0,
        "total_ios" : 0,
        "short_ios" : 0,
        "drop_ios" : 0,
        "slat_ns" : {
          "min" : 0,
          "max" : 0,
          "mean" : 0.000000,
          "stddev" : 0.000000,
          "N" : 0
        },
        "clat_ns" : {
          "min" : 0,
          "max" : 0,
          "mean" : 0.000000,
          "stddev" : 0.000000,
          "N" : 0
        },
        "lat_ns" : {
          "min" : 0,
          "max" : 0,
          "mean" : 0.000000,
          "stddev" : 0.000000,
          "N" : 0
        },
        "bw_min" : 0,
        "bw_max" : 0,
        "bw_agg" : 0.000000,
        "bw_mean" : 0.000000,
        "bw_dev" : 0.000000,
        "bw_samples" : 0,
        "iops_min" : 0,
        "iops_max" : 0,
        "iops_mean" : 0.000000,
        "iops_stddev" : 0.000000,
        "iops_samples" : 0
      },
      "trim" : {
        "io_bytes" : 0,
        "io_kbytes" : 0,
        "bw_bytes" : 0,
        "bw" : 0,
        "iops" : 0.000000,
        "runtime" : 0,
        "total_ios" : 0,
        "short_ios" : 0,
        "drop_ios" : 0,
        "slat_ns" : {
          "min" : 0,
          "max" : 0,
          "mean" : 0.000000,
          "stddev" : 0.000000,
          "N" : 0
        },
        "clat_ns" : {
          "min" : 0,
          "max" : 0,
          "mean" : 0.000000,
          "stddev" : 0.000000,
          "N" : 0
        },
        "lat_ns" : {
          "min" : 0,
          "max" : 0,
          "mean" : 0.000000,
          "stddev" : 0.000000,
          "N" : 0
        },
        "bw_min" : 0,
        "bw_max" : 0,
        "bw_agg" : 0.000000,
        "bw_mean" : 0.000000,
        "bw_dev" : 0.000000,
        "bw_samples" : 0,
        "iops_min" : 0,
        "iops_max" : 0,
        "iops_mean" : 0.000000,
        "iops_stddev" : 0.000000,
        "iops_samples" : 0
      },
      "sync" : {
        "total_ios" : 0,
        "lat_ns" : {
          "min" : 0,
          "max" : 0,
          "mean" : 0.000000,
          "stddev" : 0.000000,
          "N" : 0
        }
      },
      "job_runtime" : 662916,
      "usr_cpu" : 2.937627,
      "sys_cpu" : 7.997695,
      "ctx" : 6824214,
      "majf" : 0,
      "minf" : 185,
      "iodepth_level" : {
        "1" : 100.000000,
        "2" : 0.000000,
        "4" : 0.000000,
        "8" : 0.000000,
        "16" : 0.000000,
        "32" : 0.000000,
        ">=64" : 0.000000
      },
      "iodepth_submit" : {
        "0" : 0.000000,
        "4" : 100.000000,
        "8" : 0.000000,
        "16" : 0.000000,
        "32" : 0.000000,
        "64" : 0.000000,
        ">=64" : 0.000000
      },
      "iodepth_complete" : {
        "0" : 0.000000,
        "4" : 100.000000,
        "8" : 0.000000,
        "16" : 0.000000,
        "32" : 0.000000,
        "64" : 0.000000,
        ">=64" : 0.000000
      },
      "latency_ns" : {
        "2" : 0.000000,
        "4" : 0.000000,
        "10" : 0.000000,
        "20" : 0.000000,
        "50" : 0.000000,
        "100" : 0.000000,
        "250" : 0.000000,
        "500" : 0.000000,
        "750" : 0.000000,
        "1000" : 0.000000
      },
      "latency_us" : {
        "2" : 0.000000,
        "4" : 0.000000,
        "10" : 0.000000,
        "20" : 0.000000,
        "50" : 0.125283,
        "100" : 75.847274,
        "250" : 23.986259,
        "500" : 0.041155,
        "750" : 0.010000,
        "1000" : 0.000000
      },
      "latency_ms" : {
        "2" : 0.000000,
        "4" : 0.000000,
        "10" : 0.000000,
        "20" : 0.000000,
        "50" : 0.000000,
        "100" : 0.000000,
        "250" : 0.000000,
        "500" : 0.000000,
        "750" : 0.000000,
        "1000" : 0.000000,
        "2000" : 0.000000,
        ">=2000" : 0.000000
      },
      "latency_depth" : 1,
      "latency_target" : 0,
      "latency_percentile" : 100.000000,
      "latency_window" : 0
    }
  ],
  "disk_util" : [
    {
      "name" : "nvme0n2",
      "read_ios" : 6799408,
      "write_ios" : 0,
      "read_sectors" : 54395272,
      "write_sectors" : 0,
      "read_merges" : 0,
      "write_merges" : 0,
      "read_ticks" : 591597,
      "write_ticks" : 0,
      "in_queue" : 591597,
      "util" : 99.854817
    }
  ]
}
