{
  "fio version" : "fio-3.36-103-gb140f",
  "timestamp" : 1711832416,
  "timestamp_ms" : 1711832416069,
  "time" : "Sat Mar 30 17:00:16 2024",
  "global options" : {
    "numjobs" : "9",
    "zonemode" : "zbd",
    "job_max_open_zones" : "1",
    "direct" : "1",
    "buffered" : "0",
    "group_reporting" : "1",
    "filename" : "/dev/nvme0n2"
  },
  "jobs" : [
    {
      "jobname" : "read",
      "groupid" : 0,
      "job_start" : 1711832399177,
      "error" : 0,
      "eta" : 0,
      "elapsed" : 17,
      "job options" : {
        "ioengine" : "sync",
        "rw" : "read",
        "size" : "1z",
        "offset_increment" : "1z"
      },
      "read" : {
        "io_bytes" : 10163847168,
        "io_kbytes" : 9925632,
        "bw_bytes" : 604738928,
        "bw" : 590565,
        "iops" : 147641.339918,
        "runtime" : 16807,
        "total_ios" : 2481408,
        "short_ios" : 0,
        "drop_ios" : 0,
        "slat_ns" : {
          "min" : 0,
          "max" : 0,
          "mean" : 0.000000,
          "stddev" : 0.000000,
          "N" : 0
        },
        "clat_ns" : {
          "min" : 9133,
          "max" : 473606,
          "mean" : 59572.463097,
          "stddev" : 37115.017321,
          "N" : 2481408,
          "percentile" : {
            "1.000000" : 31616,
            "5.000000" : 31872,
            "10.000000" : 32128,
            "20.000000" : 33024,
            "30.000000" : 34048,
            "40.000000" : 35584,
            "50.000000" : 39168,
            "60.000000" : 42240,
            "70.000000" : 78336,
            "80.000000" : 89600,
            "90.000000" : 112128,
            "95.000000" : 129536,
            "99.000000" : 185344,
            "99.500000" : 205824,
            "99.900000" : 257024,
            "99.950000" : 292864,
            "99.990000" : 333824
          }
        },
        "lat_ns" : {
          "min" : 9184,
          "max" : 473821,
          "mean" : 59679.753821,
          "stddev" : 37119.264920,
          "N" : 2481408
        },
        "bw_min" : 555568,
        "bw_max" : 628288,
        "bw_agg" : 100.000000,
        "bw_mean" : 594356.848485,
        "bw_dev" : 2034.740386,
        "bw_samples" : 297,
        "iops_min" : 138892,
        "iops_max" : 157072,
        "iops_mean" : 148589.272727,
        "iops_stddev" : 508.689779,
        "iops_samples" : 297
      },
      "write" : {
        "io_bytes" : 0,
        "io_kbytes" : 0,
        "bw_bytes" : 0,
        "bw" : 0,
        "iops" : 0.000000,
        "runtime" : 0,
        "total_ios" : 0,
        "short_ios" : 0,
        "drop_ios" : 0,
        "slat_ns" : {
          "min" : 0,
          "max" : 0,
          "mean" : 0.000000,
          "stddev" : 0.000000,
          "N" : 0
        },
        "clat_ns" : {
          "min" : 0,
          "max" : 0,
          "mean" : 0.000000,
          "stddev" : 0.000000,
          "N" : 0
        },
        "lat_ns" : {
          "min" : 0,
          "max" : 0,
          "mean" : 0.000000,
          "stddev" : 0.000000,
          "N" : 0
        },
        "bw_min" : 0,
        "bw_max" : 0,
        "bw_agg" : 0.000000,
        "bw_mean" : 0.000000,
        "bw_dev" : 0.000000,
        "bw_samples" : 0,
        "iops_min" : 0,
        "iops_max" : 0,
        "iops_mean" : 0.000000,
        "iops_stddev" : 0.000000,
        "iops_samples" : 0
      },
      "trim" : {
        "io_bytes" : 0,
        "io_kbytes" : 0,
        "bw_bytes" : 0,
        "bw" : 0,
        "iops" : 0.000000,
        "runtime" : 0,
        "total_ios" : 0,
        "short_ios" : 0,
        "drop_ios" : 0,
        "slat_ns" : {
          "min" : 0,
          "max" : 0,
          "mean" : 0.000000,
          "stddev" : 0.000000,
          "N" : 0
        },
        "clat_ns" : {
          "min" : 0,
          "max" : 0,
          "mean" : 0.000000,
          "stddev" : 0.000000,
          "N" : 0
        },
        "lat_ns" : {
          "min" : 0,
          "max" : 0,
          "mean" : 0.000000,
          "stddev" : 0.000000,
          "N" : 0
        },
        "bw_min" : 0,
        "bw_max" : 0,
        "bw_agg" : 0.000000,
        "bw_mean" : 0.000000,
        "bw_dev" : 0.000000,
        "bw_samples" : 0,
        "iops_min" : 0,
        "iops_max" : 0,
        "iops_mean" : 0.000000,
        "iops_stddev" : 0.000000,
        "iops_samples" : 0
      },
      "sync" : {
        "total_ios" : 0,
        "lat_ns" : {
          "min" : 0,
          "max" : 0,
          "mean" : 0.000000,
          "stddev" : 0.000000,
          "N" : 0
        }
      },
      "job_runtime" : 150231,
      "usr_cpu" : 3.474649,
      "sys_cpu" : 11.620771,
      "ctx" : 2482704,
      "majf" : 0,
      "minf" : 141,
      "iodepth_level" : {
        "1" : 100.000000,
        "2" : 0.000000,
        "4" : 0.000000,
        "8" : 0.000000,
        "16" : 0.000000,
        "32" : 0.000000,
        ">=64" : 0.000000
      },
      "iodepth_submit" : {
        "0" : 0.000000,
        "4" : 100.000000,
        "8" : 0.000000,
        "16" : 0.000000,
        "32" : 0.000000,
        "64" : 0.000000,
        ">=64" : 0.000000
      },
      "iodepth_complete" : {
        "0" : 0.000000,
        "4" : 100.000000,
        "8" : 0.000000,
        "16" : 0.000000,
        "32" : 0.000000,
        "64" : 0.000000,
        ">=64" : 0.000000
      },
      "latency_ns" : {
        "2" : 0.000000,
        "4" : 0.000000,
        "10" : 0.000000,
        "20" : 0.000000,
        "50" : 0.000000,
        "100" : 0.000000,
        "250" : 0.000000,
        "500" : 0.000000,
        "750" : 0.000000,
        "1000" : 0.000000
      },
      "latency_us" : {
        "2" : 0.000000,
        "4" : 0.000000,
        "10" : 0.010000,
        "20" : 0.037479,
        "50" : 63.738087,
        "100" : 22.709043,
        "250" : 13.367088,
        "500" : 0.139397,
        "750" : 0.000000,
        "1000" : 0.000000
      },
      "latency_ms" : {
        "2" : 0.000000,
        "4" : 0.000000,
        "10" : 0.000000,
        "20" : 0.000000,
        "50" : 0.000000,
        "100" : 0.000000,
        "250" : 0.000000,
        "500" : 0.000000,
        "750" : 0.000000,
        "1000" : 0.000000,
        "2000" : 0.000000,
        ">=2000" : 0.000000
      },
      "latency_depth" : 1,
      "latency_target" : 0,
      "latency_percentile" : 100.000000,
      "latency_window" : 0
    }
  ],
  "disk_util" : [
    {
      "name" : "nvme0n2",
      "read_ios" : 2470068,
      "write_ios" : 0,
      "read_sectors" : 19760544,
      "write_sectors" : 0,
      "read_merges" : 0,
      "write_merges" : 0,
      "read_ticks" : 128083,
      "write_ticks" : 0,
      "in_queue" : 128083,
      "util" : 99.468117
    }
  ]
}
