{
  "fio version" : "fio-3.36-103-gb140f",
  "timestamp" : 1711955581,
  "timestamp_ms" : 1711955581004,
  "time" : "Mon Apr  1 03:13:01 2024",
  "global options" : {
    "numjobs" : "13",
    "zonemode" : "zbd",
    "job_max_open_zones" : "1",
    "direct" : "1",
    "buffered" : "0",
    "group_reporting" : "1",
    "filename" : "/dev/nvme0n2"
  },
  "jobs" : [
    {
      "jobname" : "write",
      "groupid" : 0,
      "job_start" : 1711955560618,
      "error" : 0,
      "eta" : 0,
      "elapsed" : 21,
      "job options" : {
        "ioengine" : "sync",
        "io_size" : "1077m",
        "rw" : "randwrite",
        "size" : "14z"
      },
      "read" : {
        "io_bytes" : 0,
        "io_kbytes" : 0,
        "bw_bytes" : 0,
        "bw" : 0,
        "iops" : 0.000000,
        "runtime" : 0,
        "total_ios" : 0,
        "short_ios" : 0,
        "drop_ios" : 0,
        "slat_ns" : {
          "min" : 0,
          "max" : 0,
          "mean" : 0.000000,
          "stddev" : 0.000000,
          "N" : 0
        },
        "clat_ns" : {
          "min" : 0,
          "max" : 0,
          "mean" : 0.000000,
          "stddev" : 0.000000,
          "N" : 0
        },
        "lat_ns" : {
          "min" : 0,
          "max" : 0,
          "mean" : 0.000000,
          "stddev" : 0.000000,
          "N" : 0
        },
        "bw_min" : 0,
        "bw_max" : 0,
        "bw_agg" : 0.000000,
        "bw_mean" : 0.000000,
        "bw_dev" : 0.000000,
        "bw_samples" : 0,
        "iops_min" : 0,
        "iops_max" : 0,
        "iops_mean" : 0.000000,
        "iops_stddev" : 0.000000,
        "iops_samples" : 0
      },
      "write" : {
        "io_bytes" : 14681112576,
        "io_kbytes" : 14337024,
        "bw_bytes" : 723813665,
        "bw" : 706849,
        "iops" : 176712.320663,
        "runtime" : 20283,
        "total_ios" : 3584256,
        "short_ios" : 0,
        "drop_ios" : 0,
        "slat_ns" : {
          "min" : 0,
          "max" : 0,
          "mean" : 0.000000,
          "stddev" : 0.000000,
          "N" : 0
        },
        "clat_ns" : {
          "min" : 14397,
          "max" : 1883017,
          "mean" : 35300.299761,
          "stddev" : 8806.782835,
          "N" : 3584256,
          "percentile" : {
            "1.000000" : 21376,
            "5.000000" : 24448,
            "10.000000" : 26496,
            "20.000000" : 28800,
            "30.000000" : 30848,
            "40.000000" : 32640,
            "50.000000" : 34560,
            "60.000000" : 36096,
            "70.000000" : 38144,
            "80.000000" : 41216,
            "90.000000" : 44800,
            "95.000000" : 48896,
            "99.000000" : 57088,
            "99.500000" : 60672,
            "99.900000" : 75264,
            "99.950000" : 89600,
            "99.990000" : 216064
          }
        },
        "lat_ns" : {
          "min" : 14567,
          "max" : 1883203,
          "mean" : 35532.352072,
          "stddev" : 8846.778324,
          "N" : 3584256
        },
        "bw_min" : 673648,
        "bw_max" : 737832,
        "bw_agg" : 100.000000,
        "bw_mean" : 709234.550000,
        "bw_dev" : 1131.914309,
        "bw_samples" : 520,
        "iops_min" : 168412,
        "iops_max" : 184458,
        "iops_mean" : 177308.575000,
        "iops_stddev" : 282.980382,
        "iops_samples" : 520
      },
      "trim" : {
        "io_bytes" : 0,
        "io_kbytes" : 0,
        "bw_bytes" : 0,
        "bw" : 0,
        "iops" : 0.000000,
        "runtime" : 0,
        "total_ios" : 0,
        "short_ios" : 0,
        "drop_ios" : 0,
        "slat_ns" : {
          "min" : 0,
          "max" : 0,
          "mean" : 0.000000,
          "stddev" : 0.000000,
          "N" : 0
        },
        "clat_ns" : {
          "min" : 0,
          "max" : 0,
          "mean" : 0.000000,
          "stddev" : 0.000000,
          "N" : 0
        },
        "lat_ns" : {
          "min" : 0,
          "max" : 0,
          "mean" : 0.000000,
          "stddev" : 0.000000,
          "N" : 0
        },
        "bw_min" : 0,
        "bw_max" : 0,
        "bw_agg" : 0.000000,
        "bw_mean" : 0.000000,
        "bw_dev" : 0.000000,
        "bw_samples" : 0,
        "iops_min" : 0,
        "iops_max" : 0,
        "iops_mean" : 0.000000,
        "iops_stddev" : 0.000000,
        "iops_samples" : 0
      },
      "sync" : {
        "total_ios" : 0,
        "lat_ns" : {
          "min" : 0,
          "max" : 0,
          "mean" : 0.000000,
          "stddev" : 0.000000,
          "N" : 0
        }
      },
      "job_runtime" : 262885,
      "usr_cpu" : 4.813892,
      "sys_cpu" : 13.730338,
      "ctx" : 5445682,
      "majf" : 0,
      "minf" : 174,
      "iodepth_level" : {
        "1" : 100.000000,
        "2" : 0.000000,
        "4" : 0.000000,
        "8" : 0.000000,
        "16" : 0.000000,
        "32" : 0.000000,
        ">=64" : 0.000000
      },
      "iodepth_submit" : {
        "0" : 0.000000,
        "4" : 100.000000,
        "8" : 0.000000,
        "16" : 0.000000,
        "32" : 0.000000,
        "64" : 0.000000,
        ">=64" : 0.000000
      },
      "iodepth_complete" : {
        "0" : 0.000000,
        "4" : 100.000000,
        "8" : 0.000000,
        "16" : 0.000000,
        "32" : 0.000000,
        "64" : 0.000000,
        ">=64" : 0.000000
      },
      "latency_ns" : {
        "2" : 0.000000,
        "4" : 0.000000,
        "10" : 0.000000,
        "20" : 0.000000,
        "50" : 0.000000,
        "100" : 0.000000,
        "250" : 0.000000,
        "500" : 0.000000,
        "750" : 0.000000,
        "1000" : 0.000000
      },
      "latency_us" : {
        "2" : 0.000000,
        "4" : 0.000000,
        "10" : 0.000000,
        "20" : 0.312394,
        "50" : 95.749634,
        "100" : 3.898215,
        "250" : 0.031192,
        "500" : 0.010000,
        "750" : 0.010000,
        "1000" : 0.010000
      },
      "latency_ms" : {
        "2" : 0.010000,
        "4" : 0.000000,
        "10" : 0.000000,
        "20" : 0.000000,
        "50" : 0.000000,
        "100" : 0.000000,
        "250" : 0.000000,
        "500" : 0.000000,
        "750" : 0.000000,
        "1000" : 0.000000,
        "2000" : 0.000000,
        ">=2000" : 0.000000
      },
      "latency_depth" : 1,
      "latency_target" : 0,
      "latency_percentile" : 100.000000,
      "latency_window" : 0
    }
  ],
  "disk_util" : [
    {
      "name" : "nvme0n2",
      "read_ios" : 0,
      "write_ios" : 3566210,
      "read_sectors" : 0,
      "write_sectors" : 28529664,
      "read_merges" : 0,
      "write_merges" : 0,
      "read_ticks" : 0,
      "write_ticks" : 95257,
      "in_queue" : 95257,
      "util" : 99.628988
    }
  ]
}
