{
  "fio version" : "fio-3.36-103-gb140f",
  "timestamp" : 1711955560,
  "timestamp_ms" : 1711955560160,
  "time" : "Mon Apr  1 03:12:40 2024",
  "global options" : {
    "numjobs" : "12",
    "zonemode" : "zbd",
    "job_max_open_zones" : "1",
    "direct" : "1",
    "buffered" : "0",
    "group_reporting" : "1",
    "filename" : "/dev/nvme0n2"
  },
  "jobs" : [
    {
      "jobname" : "write",
      "groupid" : 0,
      "job_start" : 1711955541021,
      "error" : 0,
      "eta" : 0,
      "elapsed" : 20,
      "job options" : {
        "ioengine" : "sync",
        "io_size" : "1077m",
        "rw" : "randwrite",
        "size" : "14z"
      },
      "read" : {
        "io_bytes" : 0,
        "io_kbytes" : 0,
        "bw_bytes" : 0,
        "bw" : 0,
        "iops" : 0.000000,
        "runtime" : 0,
        "total_ios" : 0,
        "short_ios" : 0,
        "drop_ios" : 0,
        "slat_ns" : {
          "min" : 0,
          "max" : 0,
          "mean" : 0.000000,
          "stddev" : 0.000000,
          "N" : 0
        },
        "clat_ns" : {
          "min" : 0,
          "max" : 0,
          "mean" : 0.000000,
          "stddev" : 0.000000,
          "N" : 0
        },
        "lat_ns" : {
          "min" : 0,
          "max" : 0,
          "mean" : 0.000000,
          "stddev" : 0.000000,
          "N" : 0
        },
        "bw_min" : 0,
        "bw_max" : 0,
        "bw_agg" : 0.000000,
        "bw_mean" : 0.000000,
        "bw_dev" : 0.000000,
        "bw_samples" : 0,
        "iops_min" : 0,
        "iops_max" : 0,
        "iops_mean" : 0.000000,
        "iops_stddev" : 0.000000,
        "iops_samples" : 0
      },
      "write" : {
        "io_bytes" : 13551796224,
        "io_kbytes" : 13234176,
        "bw_bytes" : 717405835,
        "bw" : 700591,
        "iops" : 175147.908947,
        "runtime" : 18890,
        "total_ios" : 3308544,
        "short_ios" : 0,
        "drop_ios" : 0,
        "slat_ns" : {
          "min" : 0,
          "max" : 0,
          "mean" : 0.000000,
          "stddev" : 0.000000,
          "N" : 0
        },
        "clat_ns" : {
          "min" : 12975,
          "max" : 726453,
          "mean" : 33508.639559,
          "stddev" : 7750.899530,
          "N" : 3308544,
          "percentile" : {
            "1.000000" : 20864,
            "5.000000" : 23680,
            "10.000000" : 25216,
            "20.000000" : 27520,
            "30.000000" : 29312,
            "40.000000" : 31104,
            "50.000000" : 32640,
            "60.000000" : 34560,
            "70.000000" : 36608,
            "80.000000" : 38656,
            "90.000000" : 42752,
            "95.000000" : 45824,
            "99.000000" : 53504,
            "99.500000" : 57088,
            "99.900000" : 70144,
            "99.950000" : 82432,
            "99.990000" : 168960
          }
        },
        "lat_ns" : {
          "min" : 12999,
          "max" : 726576,
          "mean" : 33706.067601,
          "stddev" : 7786.253620,
          "N" : 3308544
        },
        "bw_min" : 666832,
        "bw_max" : 729696,
        "bw_agg" : 100.000000,
        "bw_mean" : 702424.135135,
        "bw_dev" : 1234.437779,
        "bw_samples" : 444,
        "iops_min" : 166708,
        "iops_max" : 182424,
        "iops_mean" : 175606.000000,
        "iops_stddev" : 308.608493,
        "iops_samples" : 444
      },
      "trim" : {
        "io_bytes" : 0,
        "io_kbytes" : 0,
        "bw_bytes" : 0,
        "bw" : 0,
        "iops" : 0.000000,
        "runtime" : 0,
        "total_ios" : 0,
        "short_ios" : 0,
        "drop_ios" : 0,
        "slat_ns" : {
          "min" : 0,
          "max" : 0,
          "mean" : 0.000000,
          "stddev" : 0.000000,
          "N" : 0
        },
        "clat_ns" : {
          "min" : 0,
          "max" : 0,
          "mean" : 0.000000,
          "stddev" : 0.000000,
          "N" : 0
        },
        "lat_ns" : {
          "min" : 0,
          "max" : 0,
          "mean" : 0.000000,
          "stddev" : 0.000000,
          "N" : 0
        },
        "bw_min" : 0,
        "bw_max" : 0,
        "bw_agg" : 0.000000,
        "bw_mean" : 0.000000,
        "bw_dev" : 0.000000,
        "bw_samples" : 0,
        "iops_min" : 0,
        "iops_max" : 0,
        "iops_mean" : 0.000000,
        "iops_stddev" : 0.000000,
        "iops_samples" : 0
      },
      "sync" : {
        "total_ios" : 0,
        "lat_ns" : {
          "min" : 0,
          "max" : 0,
          "mean" : 0.000000,
          "stddev" : 0.000000,
          "N" : 0
        }
      },
      "job_runtime" : 226165,
      "usr_cpu" : 5.018460,
      "sys_cpu" : 13.945129,
      "ctx" : 5081358,
      "majf" : 0,
      "minf" : 142,
      "iodepth_level" : {
        "1" : 100.000000,
        "2" : 0.000000,
        "4" : 0.000000,
        "8" : 0.000000,
        "16" : 0.000000,
        "32" : 0.000000,
        ">=64" : 0.000000
      },
      "iodepth_submit" : {
        "0" : 0.000000,
        "4" : 100.000000,
        "8" : 0.000000,
        "16" : 0.000000,
        "32" : 0.000000,
        "64" : 0.000000,
        ">=64" : 0.000000
      },
      "iodepth_complete" : {
        "0" : 0.000000,
        "4" : 100.000000,
        "8" : 0.000000,
        "16" : 0.000000,
        "32" : 0.000000,
        "64" : 0.000000,
        ">=64" : 0.000000
      },
      "latency_ns" : {
        "2" : 0.000000,
        "4" : 0.000000,
        "10" : 0.000000,
        "20" : 0.000000,
        "50" : 0.000000,
        "100" : 0.000000,
        "250" : 0.000000,
        "500" : 0.000000,
        "750" : 0.000000,
        "1000" : 0.000000
      },
      "latency_us" : {
        "2" : 0.000000,
        "4" : 0.000000,
        "10" : 0.000000,
        "20" : 0.491213,
        "50" : 97.406261,
        "100" : 2.071667,
        "250" : 0.025268,
        "500" : 0.010000,
        "750" : 0.010000,
        "1000" : 0.000000
      },
      "latency_ms" : {
        "2" : 0.000000,
        "4" : 0.000000,
        "10" : 0.000000,
        "20" : 0.000000,
        "50" : 0.000000,
        "100" : 0.000000,
        "250" : 0.000000,
        "500" : 0.000000,
        "750" : 0.000000,
        "1000" : 0.000000,
        "2000" : 0.000000,
        ">=2000" : 0.000000
      },
      "latency_depth" : 1,
      "latency_target" : 0,
      "latency_percentile" : 100.000000,
      "latency_window" : 0
    }
  ],
  "disk_util" : [
    {
      "name" : "nvme0n2",
      "read_ios" : 243,
      "write_ios" : 3308511,
      "read_sectors" : 10472,
      "write_sectors" : 26468056,
      "read_merges" : 0,
      "write_merges" : 0,
      "read_ticks" : 30,
      "write_ticks" : 83963,
      "in_queue" : 83993,
      "util" : 99.520624
    }
  ]
}
