{
  "fio version" : "fio-3.36-103-gb140f",
  "timestamp" : 1711846933,
  "timestamp_ms" : 1711846933757,
  "time" : "Sat Mar 30 21:02:13 2024",
  "global options" : {
    "numjobs" : "11",
    "zonemode" : "zbd",
    "job_max_open_zones" : "1",
    "direct" : "1",
    "buffered" : "0",
    "group_reporting" : "1",
    "bs" : "4k",
    "filename" : "/dev/nvme0n2"
  },
  "jobs" : [
    {
      "jobname" : "read",
      "groupid" : 0,
      "job_start" : 1711846883866,
      "error" : 0,
      "eta" : 0,
      "elapsed" : 50,
      "job options" : {
        "ioengine" : "sync",
        "rw" : "randread",
        "size" : "1z",
        "offset_increment" : "1z"
      },
      "read" : {
        "io_bytes" : 23622320128,
        "io_kbytes" : 23068672,
        "bw_bytes" : 474925513,
        "bw" : 463794,
        "iops" : 115948.611753,
        "runtime" : 49739,
        "total_ios" : 5767168,
        "short_ios" : 0,
        "drop_ios" : 0,
        "slat_ns" : {
          "min" : 0,
          "max" : 0,
          "mean" : 0.000000,
          "stddev" : 0.000000,
          "N" : 0
        },
        "clat_ns" : {
          "min" : 14428,
          "max" : 422059,
          "mean" : 92867.494117,
          "stddev" : 19749.412251,
          "N" : 5767168,
          "percentile" : {
            "1.000000" : 76288,
            "5.000000" : 77312,
            "10.000000" : 77312,
            "20.000000" : 78336,
            "30.000000" : 80384,
            "40.000000" : 84480,
            "50.000000" : 88576,
            "60.000000" : 90624,
            "70.000000" : 93696,
            "80.000000" : 99840,
            "90.000000" : 119296,
            "95.000000" : 136192,
            "99.000000" : 168960,
            "99.500000" : 183296,
            "99.900000" : 216064,
            "99.950000" : 230400,
            "99.990000" : 261120
          }
        },
        "lat_ns" : {
          "min" : 14506,
          "max" : 422150,
          "mean" : 92983.893424,
          "stddev" : 19757.635093,
          "N" : 5767168
        },
        "bw_min" : 442648,
        "bw_max" : 481808,
        "bw_agg" : 100.000000,
        "bw_mean" : 465194.139765,
        "bw_dev" : 663.778795,
        "bw_samples" : 1085,
        "iops_min" : 110662,
        "iops_max" : 120452,
        "iops_mean" : 116298.555143,
        "iops_stddev" : 165.941083,
        "iops_samples" : 1085
      },
      "write" : {
        "io_bytes" : 0,
        "io_kbytes" : 0,
        "bw_bytes" : 0,
        "bw" : 0,
        "iops" : 0.000000,
        "runtime" : 0,
        "total_ios" : 0,
        "short_ios" : 0,
        "drop_ios" : 0,
        "slat_ns" : {
          "min" : 0,
          "max" : 0,
          "mean" : 0.000000,
          "stddev" : 0.000000,
          "N" : 0
        },
        "clat_ns" : {
          "min" : 0,
          "max" : 0,
          "mean" : 0.000000,
          "stddev" : 0.000000,
          "N" : 0
        },
        "lat_ns" : {
          "min" : 0,
          "max" : 0,
          "mean" : 0.000000,
          "stddev" : 0.000000,
          "N" : 0
        },
        "bw_min" : 0,
        "bw_max" : 0,
        "bw_agg" : 0.000000,
        "bw_mean" : 0.000000,
        "bw_dev" : 0.000000,
        "bw_samples" : 0,
        "iops_min" : 0,
        "iops_max" : 0,
        "iops_mean" : 0.000000,
        "iops_stddev" : 0.000000,
        "iops_samples" : 0
      },
      "trim" : {
        "io_bytes" : 0,
        "io_kbytes" : 0,
        "bw_bytes" : 0,
        "bw" : 0,
        "iops" : 0.000000,
        "runtime" : 0,
        "total_ios" : 0,
        "short_ios" : 0,
        "drop_ios" : 0,
        "slat_ns" : {
          "min" : 0,
          "max" : 0,
          "mean" : 0.000000,
          "stddev" : 0.000000,
          "N" : 0
        },
        "clat_ns" : {
          "min" : 0,
          "max" : 0,
          "mean" : 0.000000,
          "stddev" : 0.000000,
          "N" : 0
        },
        "lat_ns" : {
          "min" : 0,
          "max" : 0,
          "mean" : 0.000000,
          "stddev" : 0.000000,
          "N" : 0
        },
        "bw_min" : 0,
        "bw_max" : 0,
        "bw_agg" : 0.000000,
        "bw_mean" : 0.000000,
        "bw_dev" : 0.000000,
        "bw_samples" : 0,
        "iops_min" : 0,
        "iops_max" : 0,
        "iops_mean" : 0.000000,
        "iops_stddev" : 0.000000,
        "iops_samples" : 0
      },
      "sync" : {
        "total_ios" : 0,
        "lat_ns" : {
          "min" : 0,
          "max" : 0,
          "mean" : 0.000000,
          "stddev" : 0.000000,
          "N" : 0
        }
      },
      "job_runtime" : 545408,
      "usr_cpu" : 2.766736,
      "sys_cpu" : 7.985215,
      "ctx" : 5770740,
      "majf" : 0,
      "minf" : 144,
      "iodepth_level" : {
        "1" : 100.000000,
        "2" : 0.000000,
        "4" : 0.000000,
        "8" : 0.000000,
        "16" : 0.000000,
        "32" : 0.000000,
        ">=64" : 0.000000
      },
      "iodepth_submit" : {
        "0" : 0.000000,
        "4" : 100.000000,
        "8" : 0.000000,
        "16" : 0.000000,
        "32" : 0.000000,
        "64" : 0.000000,
        ">=64" : 0.000000
      },
      "iodepth_complete" : {
        "0" : 0.000000,
        "4" : 100.000000,
        "8" : 0.000000,
        "16" : 0.000000,
        "32" : 0.000000,
        "64" : 0.000000,
        ">=64" : 0.000000
      },
      "latency_ns" : {
        "2" : 0.000000,
        "4" : 0.000000,
        "10" : 0.000000,
        "20" : 0.000000,
        "50" : 0.000000,
        "100" : 0.000000,
        "250" : 0.000000,
        "500" : 0.000000,
        "750" : 0.000000,
        "1000" : 0.000000
      },
      "latency_us" : {
        "2" : 0.000000,
        "4" : 0.000000,
        "10" : 0.000000,
        "20" : 0.010000,
        "50" : 0.150802,
        "100" : 80.583850,
        "250" : 19.247211,
        "500" : 0.017860,
        "750" : 0.000000,
        "1000" : 0.000000
      },
      "latency_ms" : {
        "2" : 0.000000,
        "4" : 0.000000,
        "10" : 0.000000,
        "20" : 0.000000,
        "50" : 0.000000,
        "100" : 0.000000,
        "250" : 0.000000,
        "500" : 0.000000,
        "750" : 0.000000,
        "1000" : 0.000000,
        "2000" : 0.000000,
        ">=2000" : 0.000000
      },
      "latency_depth" : 1,
      "latency_target" : 0,
      "latency_percentile" : 100.000000,
      "latency_window" : 0
    }
  ],
  "disk_util" : [
    {
      "name" : "nvme0n2",
      "read_ios" : 5763626,
      "write_ios" : 0,
      "read_sectors" : 46109008,
      "write_sectors" : 0,
      "read_merges" : 0,
      "write_merges" : 0,
      "read_ticks" : 488751,
      "write_ticks" : 0,
      "in_queue" : 488751,
      "util" : 99.849152
    }
  ]
}
