{
  "fio version" : "fio-3.36-103-gb140f",
  "timestamp" : 1711847273,
  "timestamp_ms" : 1711847273406,
  "time" : "Sat Mar 30 21:07:53 2024",
  "global options" : {
    "numjobs" : "7",
    "zonemode" : "zbd",
    "job_max_open_zones" : "1",
    "direct" : "1",
    "buffered" : "0",
    "group_reporting" : "1",
    "bs" : "8k",
    "filename" : "/dev/nvme0n2"
  },
  "jobs" : [
    {
      "jobname" : "read",
      "groupid" : 0,
      "job_start" : 1711847245765,
      "error" : 0,
      "eta" : 0,
      "elapsed" : 28,
      "job options" : {
        "ioengine" : "sync",
        "rw" : "randread",
        "size" : "1z",
        "offset_increment" : "1z"
      },
      "read" : {
        "io_bytes" : 15032385536,
        "io_kbytes" : 14680064,
        "bw_bytes" : 544730596,
        "bw" : 531963,
        "iops" : 66495.434121,
        "runtime" : 27596,
        "total_ios" : 1835008,
        "short_ios" : 0,
        "drop_ios" : 0,
        "slat_ns" : {
          "min" : 0,
          "max" : 0,
          "mean" : 0.000000,
          "stddev" : 0.000000,
          "N" : 0
        },
        "clat_ns" : {
          "min" : 17795,
          "max" : 629913,
          "mean" : 102979.942841,
          "stddev" : 18270.504793,
          "N" : 1835008,
          "percentile" : {
            "1.000000" : 87552,
            "5.000000" : 88576,
            "10.000000" : 88576,
            "20.000000" : 89600,
            "30.000000" : 91648,
            "40.000000" : 94720,
            "50.000000" : 99840,
            "60.000000" : 101888,
            "70.000000" : 103936,
            "80.000000" : 110080,
            "90.000000" : 122368,
            "95.000000" : 144384,
            "99.000000" : 173056,
            "99.500000" : 187392,
            "99.900000" : 222208,
            "99.950000" : 232448,
            "99.990000" : 264192
          }
        },
        "lat_ns" : {
          "min" : 17869,
          "max" : 629977,
          "mean" : 103093.247470,
          "stddev" : 18281.292181,
          "N" : 1835008
        },
        "bw_min" : 505008,
        "bw_max" : 548160,
        "bw_agg" : 100.000000,
        "bw_mean" : 535195.259259,
        "bw_dev" : 1549.887760,
        "bw_samples" : 378,
        "iops_min" : 63126,
        "iops_max" : 68520,
        "iops_mean" : 66899.407407,
        "iops_stddev" : 193.735970,
        "iops_samples" : 378
      },
      "write" : {
        "io_bytes" : 0,
        "io_kbytes" : 0,
        "bw_bytes" : 0,
        "bw" : 0,
        "iops" : 0.000000,
        "runtime" : 0,
        "total_ios" : 0,
        "short_ios" : 0,
        "drop_ios" : 0,
        "slat_ns" : {
          "min" : 0,
          "max" : 0,
          "mean" : 0.000000,
          "stddev" : 0.000000,
          "N" : 0
        },
        "clat_ns" : {
          "min" : 0,
          "max" : 0,
          "mean" : 0.000000,
          "stddev" : 0.000000,
          "N" : 0
        },
        "lat_ns" : {
          "min" : 0,
          "max" : 0,
          "mean" : 0.000000,
          "stddev" : 0.000000,
          "N" : 0
        },
        "bw_min" : 0,
        "bw_max" : 0,
        "bw_agg" : 0.000000,
        "bw_mean" : 0.000000,
        "bw_dev" : 0.000000,
        "bw_samples" : 0,
        "iops_min" : 0,
        "iops_max" : 0,
        "iops_mean" : 0.000000,
        "iops_stddev" : 0.000000,
        "iops_samples" : 0
      },
      "trim" : {
        "io_bytes" : 0,
        "io_kbytes" : 0,
        "bw_bytes" : 0,
        "bw" : 0,
        "iops" : 0.000000,
        "runtime" : 0,
        "total_ios" : 0,
        "short_ios" : 0,
        "drop_ios" : 0,
        "slat_ns" : {
          "min" : 0,
          "max" : 0,
          "mean" : 0.000000,
          "stddev" : 0.000000,
          "N" : 0
        },
        "clat_ns" : {
          "min" : 0,
          "max" : 0,
          "mean" : 0.000000,
          "stddev" : 0.000000,
          "N" : 0
        },
        "lat_ns" : {
          "min" : 0,
          "max" : 0,
          "mean" : 0.000000,
          "stddev" : 0.000000,
          "N" : 0
        },
        "bw_min" : 0,
        "bw_max" : 0,
        "bw_agg" : 0.000000,
        "bw_mean" : 0.000000,
        "bw_dev" : 0.000000,
        "bw_samples" : 0,
        "iops_min" : 0,
        "iops_max" : 0,
        "iops_mean" : 0.000000,
        "iops_stddev" : 0.000000,
        "iops_samples" : 0
      },
      "sync" : {
        "total_ios" : 0,
        "lat_ns" : {
          "min" : 0,
          "max" : 0,
          "mean" : 0.000000,
          "stddev" : 0.000000,
          "N" : 0
        }
      },
      "job_runtime" : 192097,
      "usr_cpu" : 2.519560,
      "sys_cpu" : 7.502460,
      "ctx" : 1835694,
      "majf" : 0,
      "minf" : 103,
      "iodepth_level" : {
        "1" : 100.000000,
        "2" : 0.000000,
        "4" : 0.000000,
        "8" : 0.000000,
        "16" : 0.000000,
        "32" : 0.000000,
        ">=64" : 0.000000
      },
      "iodepth_submit" : {
        "0" : 0.000000,
        "4" : 100.000000,
        "8" : 0.000000,
        "16" : 0.000000,
        "32" : 0.000000,
        "64" : 0.000000,
        ">=64" : 0.000000
      },
      "iodepth_complete" : {
        "0" : 0.000000,
        "4" : 100.000000,
        "8" : 0.000000,
        "16" : 0.000000,
        "32" : 0.000000,
        "64" : 0.000000,
        ">=64" : 0.000000
      },
      "latency_ns" : {
        "2" : 0.000000,
        "4" : 0.000000,
        "10" : 0.000000,
        "20" : 0.000000,
        "50" : 0.000000,
        "100" : 0.000000,
        "250" : 0.000000,
        "500" : 0.000000,
        "750" : 0.000000,
        "1000" : 0.000000
      },
      "latency_us" : {
        "2" : 0.000000,
        "4" : 0.000000,
        "10" : 0.000000,
        "20" : 0.010000,
        "50" : 0.110517,
        "100" : 50.320707,
        "250" : 49.548340,
        "500" : 0.019291,
        "750" : 0.010000,
        "1000" : 0.000000
      },
      "latency_ms" : {
        "2" : 0.000000,
        "4" : 0.000000,
        "10" : 0.000000,
        "20" : 0.000000,
        "50" : 0.000000,
        "100" : 0.000000,
        "250" : 0.000000,
        "500" : 0.000000,
        "750" : 0.000000,
        "1000" : 0.000000,
        "2000" : 0.000000,
        ">=2000" : 0.000000
      },
      "latency_depth" : 1,
      "latency_target" : 0,
      "latency_percentile" : 100.000000,
      "latency_window" : 0
    }
  ],
  "disk_util" : [
    {
      "name" : "nvme0n2",
      "read_ios" : 1829732,
      "write_ios" : 0,
      "read_sectors" : 29275712,
      "write_sectors" : 0,
      "read_merges" : 0,
      "write_merges" : 0,
      "read_ticks" : 174014,
      "write_ticks" : 0,
      "in_queue" : 174013,
      "util" : 99.745102
    }
  ]
}
