{
  "fio version" : "fio-3.36-103-gb140f",
  "timestamp" : 1711847245,
  "timestamp_ms" : 1711847245503,
  "time" : "Sat Mar 30 21:07:25 2024",
  "global options" : {
    "numjobs" : "6",
    "zonemode" : "zbd",
    "job_max_open_zones" : "1",
    "direct" : "1",
    "buffered" : "0",
    "group_reporting" : "1",
    "bs" : "8k",
    "filename" : "/dev/nvme0n2"
  },
  "jobs" : [
    {
      "jobname" : "read",
      "groupid" : 0,
      "job_start" : 1711847218111,
      "error" : 0,
      "eta" : 0,
      "elapsed" : 28,
      "job options" : {
        "ioengine" : "sync",
        "rw" : "randread",
        "size" : "1z",
        "offset_increment" : "1z"
      },
      "read" : {
        "io_bytes" : 12884901888,
        "io_kbytes" : 12582912,
        "bw_bytes" : 474826867,
        "bw" : 463698,
        "iops" : 57962.264151,
        "runtime" : 27136,
        "total_ios" : 1572864,
        "short_ios" : 0,
        "drop_ios" : 0,
        "slat_ns" : {
          "min" : 0,
          "max" : 0,
          "mean" : 0.000000,
          "stddev" : 0.000000,
          "N" : 0
        },
        "clat_ns" : {
          "min" : 15706,
          "max" : 812743,
          "mean" : 101151.350907,
          "stddev" : 16778.161635,
          "N" : 1572864,
          "percentile" : {
            "1.000000" : 87552,
            "5.000000" : 87552,
            "10.000000" : 88576,
            "20.000000" : 89600,
            "30.000000" : 90624,
            "40.000000" : 92672,
            "50.000000" : 97792,
            "60.000000" : 100864,
            "70.000000" : 102912,
            "80.000000" : 105984,
            "90.000000" : 116224,
            "95.000000" : 138240,
            "99.000000" : 166912,
            "99.500000" : 179200,
            "99.900000" : 211968,
            "99.950000" : 222208,
            "99.990000" : 250880
          }
        },
        "lat_ns" : {
          "min" : 15782,
          "max" : 812834,
          "mean" : 101262.829172,
          "stddev" : 16789.386500,
          "N" : 1572864
        },
        "bw_min" : 437360,
        "bw_max" : 481584,
        "bw_agg" : 100.000000,
        "bw_mean" : 467114.506639,
        "bw_dev" : 1803.604931,
        "bw_samples" : 320,
        "iops_min" : 54670,
        "iops_max" : 60198,
        "iops_mean" : 58389.245982,
        "iops_stddev" : 225.457792,
        "iops_samples" : 320
      },
      "write" : {
        "io_bytes" : 0,
        "io_kbytes" : 0,
        "bw_bytes" : 0,
        "bw" : 0,
        "iops" : 0.000000,
        "runtime" : 0,
        "total_ios" : 0,
        "short_ios" : 0,
        "drop_ios" : 0,
        "slat_ns" : {
          "min" : 0,
          "max" : 0,
          "mean" : 0.000000,
          "stddev" : 0.000000,
          "N" : 0
        },
        "clat_ns" : {
          "min" : 0,
          "max" : 0,
          "mean" : 0.000000,
          "stddev" : 0.000000,
          "N" : 0
        },
        "lat_ns" : {
          "min" : 0,
          "max" : 0,
          "mean" : 0.000000,
          "stddev" : 0.000000,
          "N" : 0
        },
        "bw_min" : 0,
        "bw_max" : 0,
        "bw_agg" : 0.000000,
        "bw_mean" : 0.000000,
        "bw_dev" : 0.000000,
        "bw_samples" : 0,
        "iops_min" : 0,
        "iops_max" : 0,
        "iops_mean" : 0.000000,
        "iops_stddev" : 0.000000,
        "iops_samples" : 0
      },
      "trim" : {
        "io_bytes" : 0,
        "io_kbytes" : 0,
        "bw_bytes" : 0,
        "bw" : 0,
        "iops" : 0.000000,
        "runtime" : 0,
        "total_ios" : 0,
        "short_ios" : 0,
        "drop_ios" : 0,
        "slat_ns" : {
          "min" : 0,
          "max" : 0,
          "mean" : 0.000000,
          "stddev" : 0.000000,
          "N" : 0
        },
        "clat_ns" : {
          "min" : 0,
          "max" : 0,
          "mean" : 0.000000,
          "stddev" : 0.000000,
          "N" : 0
        },
        "lat_ns" : {
          "min" : 0,
          "max" : 0,
          "mean" : 0.000000,
          "stddev" : 0.000000,
          "N" : 0
        },
        "bw_min" : 0,
        "bw_max" : 0,
        "bw_agg" : 0.000000,
        "bw_mean" : 0.000000,
        "bw_dev" : 0.000000,
        "bw_samples" : 0,
        "iops_min" : 0,
        "iops_max" : 0,
        "iops_mean" : 0.000000,
        "iops_stddev" : 0.000000,
        "iops_samples" : 0
      },
      "sync" : {
        "total_ios" : 0,
        "lat_ns" : {
          "min" : 0,
          "max" : 0,
          "mean" : 0.000000,
          "stddev" : 0.000000,
          "N" : 0
        }
      },
      "job_runtime" : 161625,
      "usr_cpu" : 2.333179,
      "sys_cpu" : 7.491415,
      "ctx" : 1573209,
      "majf" : 0,
      "minf" : 77,
      "iodepth_level" : {
        "1" : 100.000000,
        "2" : 0.000000,
        "4" : 0.000000,
        "8" : 0.000000,
        "16" : 0.000000,
        "32" : 0.000000,
        ">=64" : 0.000000
      },
      "iodepth_submit" : {
        "0" : 0.000000,
        "4" : 100.000000,
        "8" : 0.000000,
        "16" : 0.000000,
        "32" : 0.000000,
        "64" : 0.000000,
        ">=64" : 0.000000
      },
      "iodepth_complete" : {
        "0" : 0.000000,
        "4" : 100.000000,
        "8" : 0.000000,
        "16" : 0.000000,
        "32" : 0.000000,
        "64" : 0.000000,
        ">=64" : 0.000000
      },
      "latency_ns" : {
        "2" : 0.000000,
        "4" : 0.000000,
        "10" : 0.000000,
        "20" : 0.000000,
        "50" : 0.000000,
        "100" : 0.000000,
        "250" : 0.000000,
        "500" : 0.000000,
        "750" : 0.000000,
        "1000" : 0.000000
      },
      "latency_us" : {
        "2" : 0.000000,
        "4" : 0.000000,
        "10" : 0.000000,
        "20" : 0.010000,
        "50" : 0.142797,
        "100" : 53.596751,
        "250" : 46.240107,
        "500" : 0.010045,
        "750" : 0.010000,
        "1000" : 0.010000
      },
      "latency_ms" : {
        "2" : 0.000000,
        "4" : 0.000000,
        "10" : 0.000000,
        "20" : 0.000000,
        "50" : 0.000000,
        "100" : 0.000000,
        "250" : 0.000000,
        "500" : 0.000000,
        "750" : 0.000000,
        "1000" : 0.000000,
        "2000" : 0.000000,
        ">=2000" : 0.000000
      },
      "latency_depth" : 1,
      "latency_target" : 0,
      "latency_percentile" : 100.000000,
      "latency_window" : 0
    }
  ],
  "disk_util" : [
    {
      "name" : "nvme0n2",
      "read_ios" : 1567155,
      "write_ios" : 0,
      "read_sectors" : 25074480,
      "write_sectors" : 0,
      "read_merges" : 0,
      "write_merges" : 0,
      "read_ticks" : 146463,
      "write_ticks" : 0,
      "in_queue" : 146464,
      "util" : 99.703440
    }
  ]
}
