{
  "fio version" : "fio-3.36-103-gb140f",
  "timestamp" : 1711956601,
  "timestamp_ms" : 1711956601494,
  "time" : "Mon Apr  1 03:30:01 2024",
  "global options" : {
    "numjobs" : "11",
    "zonemode" : "zbd",
    "job_max_open_zones" : "1",
    "direct" : "1",
    "buffered" : "0",
    "group_reporting" : "1",
    "filename" : "/dev/nvme0n2"
  },
  "jobs" : [
    {
      "jobname" : "write",
      "groupid" : 0,
      "job_start" : 1711956583605,
      "error" : 0,
      "eta" : 0,
      "elapsed" : 18,
      "job options" : {
        "ioengine" : "sync",
        "io_size" : "1077m",
        "rw" : "randwrite",
        "size" : "14z"
      },
      "read" : {
        "io_bytes" : 0,
        "io_kbytes" : 0,
        "bw_bytes" : 0,
        "bw" : 0,
        "iops" : 0.000000,
        "runtime" : 0,
        "total_ios" : 0,
        "short_ios" : 0,
        "drop_ios" : 0,
        "slat_ns" : {
          "min" : 0,
          "max" : 0,
          "mean" : 0.000000,
          "stddev" : 0.000000,
          "N" : 0
        },
        "clat_ns" : {
          "min" : 0,
          "max" : 0,
          "mean" : 0.000000,
          "stddev" : 0.000000,
          "N" : 0
        },
        "lat_ns" : {
          "min" : 0,
          "max" : 0,
          "mean" : 0.000000,
          "stddev" : 0.000000,
          "N" : 0
        },
        "bw_min" : 0,
        "bw_max" : 0,
        "bw_agg" : 0.000000,
        "bw_mean" : 0.000000,
        "bw_dev" : 0.000000,
        "bw_samples" : 0,
        "iops_min" : 0,
        "iops_max" : 0,
        "iops_mean" : 0.000000,
        "iops_stddev" : 0.000000,
        "iops_samples" : 0
      },
      "write" : {
        "io_bytes" : 12422479872,
        "io_kbytes" : 12131328,
        "bw_bytes" : 700884668,
        "bw" : 684457,
        "iops" : 171114.421124,
        "runtime" : 17724,
        "total_ios" : 3032832,
        "short_ios" : 0,
        "drop_ios" : 0,
        "slat_ns" : {
          "min" : 0,
          "max" : 0,
          "mean" : 0.000000,
          "stddev" : 0.000000,
          "N" : 0
        },
        "clat_ns" : {
          "min" : 13068,
          "max" : 887544,
          "mean" : 30933.285611,
          "stddev" : 6650.223470,
          "N" : 3032832,
          "percentile" : {
            "1.000000" : 19584,
            "5.000000" : 21888,
            "10.000000" : 23424,
            "20.000000" : 25472,
            "30.000000" : 27264,
            "40.000000" : 28800,
            "50.000000" : 30080,
            "60.000000" : 31872,
            "70.000000" : 33536,
            "80.000000" : 35584,
            "90.000000" : 39168,
            "95.000000" : 42240,
            "99.000000" : 48896,
            "99.500000" : 52480,
            "99.900000" : 64256,
            "99.950000" : 75264,
            "99.990000" : 130560
          }
        },
        "lat_ns" : {
          "min" : 13118,
          "max" : 887638,
          "mean" : 31128.209798,
          "stddev" : 6694.094668,
          "N" : 3032832
        },
        "bw_min" : 648488,
        "bw_max" : 714456,
        "bw_agg" : 100.000000,
        "bw_mean" : 685593.200000,
        "bw_dev" : 1381.328569,
        "bw_samples" : 385,
        "iops_min" : 162122,
        "iops_max" : 178614,
        "iops_mean" : 171398.314286,
        "iops_stddev" : 345.327222,
        "iops_samples" : 385
      },
      "trim" : {
        "io_bytes" : 0,
        "io_kbytes" : 0,
        "bw_bytes" : 0,
        "bw" : 0,
        "iops" : 0.000000,
        "runtime" : 0,
        "total_ios" : 0,
        "short_ios" : 0,
        "drop_ios" : 0,
        "slat_ns" : {
          "min" : 0,
          "max" : 0,
          "mean" : 0.000000,
          "stddev" : 0.000000,
          "N" : 0
        },
        "clat_ns" : {
          "min" : 0,
          "max" : 0,
          "mean" : 0.000000,
          "stddev" : 0.000000,
          "N" : 0
        },
        "lat_ns" : {
          "min" : 0,
          "max" : 0,
          "mean" : 0.000000,
          "stddev" : 0.000000,
          "N" : 0
        },
        "bw_min" : 0,
        "bw_max" : 0,
        "bw_agg" : 0.000000,
        "bw_mean" : 0.000000,
        "bw_dev" : 0.000000,
        "bw_samples" : 0,
        "iops_min" : 0,
        "iops_max" : 0,
        "iops_mean" : 0.000000,
        "iops_stddev" : 0.000000,
        "iops_samples" : 0
      },
      "sync" : {
        "total_ios" : 0,
        "lat_ns" : {
          "min" : 0,
          "max" : 0,
          "mean" : 0.000000,
          "stddev" : 0.000000,
          "N" : 0
        }
      },
      "job_runtime" : 194266,
      "usr_cpu" : 4.874759,
      "sys_cpu" : 14.232547,
      "ctx" : 4665714,
      "majf" : 0,
      "minf" : 147,
      "iodepth_level" : {
        "1" : 100.000000,
        "2" : 0.000000,
        "4" : 0.000000,
        "8" : 0.000000,
        "16" : 0.000000,
        "32" : 0.000000,
        ">=64" : 0.000000
      },
      "iodepth_submit" : {
        "0" : 0.000000,
        "4" : 100.000000,
        "8" : 0.000000,
        "16" : 0.000000,
        "32" : 0.000000,
        "64" : 0.000000,
        ">=64" : 0.000000
      },
      "iodepth_complete" : {
        "0" : 0.000000,
        "4" : 100.000000,
        "8" : 0.000000,
        "16" : 0.000000,
        "32" : 0.000000,
        "64" : 0.000000,
        ">=64" : 0.000000
      },
      "latency_ns" : {
        "2" : 0.000000,
        "4" : 0.000000,
        "10" : 0.000000,
        "20" : 0.000000,
        "50" : 0.000000,
        "100" : 0.000000,
        "250" : 0.000000,
        "500" : 0.000000,
        "750" : 0.000000,
        "1000" : 0.000000
      },
      "latency_us" : {
        "2" : 0.000000,
        "4" : 0.000000,
        "10" : 0.000000,
        "20" : 1.343200,
        "50" : 97.830806,
        "100" : 0.801495,
        "250" : 0.022850,
        "500" : 0.010000,
        "750" : 0.010000,
        "1000" : 0.010000
      },
      "latency_ms" : {
        "2" : 0.000000,
        "4" : 0.000000,
        "10" : 0.000000,
        "20" : 0.000000,
        "50" : 0.000000,
        "100" : 0.000000,
        "250" : 0.000000,
        "500" : 0.000000,
        "750" : 0.000000,
        "1000" : 0.000000,
        "2000" : 0.000000,
        ">=2000" : 0.000000
      },
      "latency_depth" : 1,
      "latency_target" : 0,
      "latency_percentile" : 100.000000,
      "latency_window" : 0
    }
  ],
  "disk_util" : [
    {
      "name" : "nvme0n2",
      "read_ios" : 166,
      "write_ios" : 3021715,
      "read_sectors" : 6440,
      "write_sectors" : 24173704,
      "read_merges" : 0,
      "write_merges" : 0,
      "read_ticks" : 18,
      "write_ticks" : 70326,
      "in_queue" : 70344,
      "util" : 99.475554
    }
  ]
}
