{
  "fio version" : "fio-3.36-103-gb140f",
  "timestamp" : 1711956550,
  "timestamp_ms" : 1711956550271,
  "time" : "Mon Apr  1 03:29:10 2024",
  "global options" : {
    "numjobs" : "8",
    "zonemode" : "zbd",
    "job_max_open_zones" : "1",
    "direct" : "1",
    "buffered" : "0",
    "group_reporting" : "1",
    "filename" : "/dev/nvme0n2"
  },
  "jobs" : [
    {
      "jobname" : "write",
      "groupid" : 0,
      "job_start" : 1711956535762,
      "error" : 0,
      "eta" : 0,
      "elapsed" : 15,
      "job options" : {
        "ioengine" : "sync",
        "io_size" : "1077m",
        "rw" : "randwrite",
        "size" : "14z"
      },
      "read" : {
        "io_bytes" : 0,
        "io_kbytes" : 0,
        "bw_bytes" : 0,
        "bw" : 0,
        "iops" : 0.000000,
        "runtime" : 0,
        "total_ios" : 0,
        "short_ios" : 0,
        "drop_ios" : 0,
        "slat_ns" : {
          "min" : 0,
          "max" : 0,
          "mean" : 0.000000,
          "stddev" : 0.000000,
          "N" : 0
        },
        "clat_ns" : {
          "min" : 0,
          "max" : 0,
          "mean" : 0.000000,
          "stddev" : 0.000000,
          "N" : 0
        },
        "lat_ns" : {
          "min" : 0,
          "max" : 0,
          "mean" : 0.000000,
          "stddev" : 0.000000,
          "N" : 0
        },
        "bw_min" : 0,
        "bw_max" : 0,
        "bw_agg" : 0.000000,
        "bw_mean" : 0.000000,
        "bw_dev" : 0.000000,
        "bw_samples" : 0,
        "iops_min" : 0,
        "iops_max" : 0,
        "iops_mean" : 0.000000,
        "iops_stddev" : 0.000000,
        "iops_samples" : 0
      },
      "write" : {
        "io_bytes" : 9034530816,
        "io_kbytes" : 8822784,
        "bw_bytes" : 625140521,
        "bw" : 610488,
        "iops" : 152622.197620,
        "runtime" : 14452,
        "total_ios" : 2205696,
        "short_ios" : 0,
        "drop_ios" : 0,
        "slat_ns" : {
          "min" : 0,
          "max" : 0,
          "mean" : 0.000000,
          "stddev" : 0.000000,
          "N" : 0
        },
        "clat_ns" : {
          "min" : 12505,
          "max" : 1418791,
          "mean" : 25336.968787,
          "stddev" : 4884.146322,
          "N" : 2205696,
          "percentile" : {
            "1.000000" : 17280,
            "5.000000" : 18816,
            "10.000000" : 19840,
            "20.000000" : 21376,
            "30.000000" : 22656,
            "40.000000" : 23680,
            "50.000000" : 24704,
            "60.000000" : 25984,
            "70.000000" : 27264,
            "80.000000" : 28800,
            "90.000000" : 31360,
            "95.000000" : 33536,
            "99.000000" : 38656,
            "99.500000" : 40704,
            "99.900000" : 50944,
            "99.950000" : 57600,
            "99.990000" : 91648
          }
        },
        "lat_ns" : {
          "min" : 12530,
          "max" : 1419163,
          "mean" : 25484.793955,
          "stddev" : 4913.882089,
          "N" : 2205696
        },
        "bw_min" : 562384,
        "bw_max" : 654288,
        "bw_agg" : 100.000000,
        "bw_mean" : 613036.000000,
        "bw_dev" : 2927.931964,
        "bw_samples" : 224,
        "iops_min" : 140596,
        "iops_max" : 163572,
        "iops_mean" : 153259.000000,
        "iops_stddev" : 731.982991,
        "iops_samples" : 224
      },
      "trim" : {
        "io_bytes" : 0,
        "io_kbytes" : 0,
        "bw_bytes" : 0,
        "bw" : 0,
        "iops" : 0.000000,
        "runtime" : 0,
        "total_ios" : 0,
        "short_ios" : 0,
        "drop_ios" : 0,
        "slat_ns" : {
          "min" : 0,
          "max" : 0,
          "mean" : 0.000000,
          "stddev" : 0.000000,
          "N" : 0
        },
        "clat_ns" : {
          "min" : 0,
          "max" : 0,
          "mean" : 0.000000,
          "stddev" : 0.000000,
          "N" : 0
        },
        "lat_ns" : {
          "min" : 0,
          "max" : 0,
          "mean" : 0.000000,
          "stddev" : 0.000000,
          "N" : 0
        },
        "bw_min" : 0,
        "bw_max" : 0,
        "bw_agg" : 0.000000,
        "bw_mean" : 0.000000,
        "bw_dev" : 0.000000,
        "bw_samples" : 0,
        "iops_min" : 0,
        "iops_max" : 0,
        "iops_mean" : 0.000000,
        "iops_stddev" : 0.000000,
        "iops_samples" : 0
      },
      "sync" : {
        "total_ios" : 0,
        "lat_ns" : {
          "min" : 0,
          "max" : 0,
          "mean" : 0.000000,
          "stddev" : 0.000000,
          "N" : 0
        }
      },
      "job_runtime" : 115201,
      "usr_cpu" : 5.276864,
      "sys_cpu" : 15.002474,
      "ctx" : 3428143,
      "majf" : 0,
      "minf" : 95,
      "iodepth_level" : {
        "1" : 100.000000,
        "2" : 0.000000,
        "4" : 0.000000,
        "8" : 0.000000,
        "16" : 0.000000,
        "32" : 0.000000,
        ">=64" : 0.000000
      },
      "iodepth_submit" : {
        "0" : 0.000000,
        "4" : 100.000000,
        "8" : 0.000000,
        "16" : 0.000000,
        "32" : 0.000000,
        "64" : 0.000000,
        ">=64" : 0.000000
      },
      "iodepth_complete" : {
        "0" : 0.000000,
        "4" : 100.000000,
        "8" : 0.000000,
        "16" : 0.000000,
        "32" : 0.000000,
        "64" : 0.000000,
        ">=64" : 0.000000
      },
      "latency_ns" : {
        "2" : 0.000000,
        "4" : 0.000000,
        "10" : 0.000000,
        "20" : 0.000000,
        "50" : 0.000000,
        "100" : 0.000000,
        "250" : 0.000000,
        "500" : 0.000000,
        "750" : 0.000000,
        "1000" : 0.000000
      },
      "latency_us" : {
        "2" : 0.000000,
        "4" : 0.000000,
        "10" : 0.000000,
        "20" : 10.613974,
        "50" : 89.278668,
        "100" : 0.099288,
        "250" : 0.010000,
        "500" : 0.010000,
        "750" : 0.010000,
        "1000" : 0.000000
      },
      "latency_ms" : {
        "2" : 0.010000,
        "4" : 0.000000,
        "10" : 0.000000,
        "20" : 0.000000,
        "50" : 0.000000,
        "100" : 0.000000,
        "250" : 0.000000,
        "500" : 0.000000,
        "750" : 0.000000,
        "1000" : 0.000000,
        "2000" : 0.000000,
        ">=2000" : 0.000000
      },
      "latency_depth" : 1,
      "latency_target" : 0,
      "latency_percentile" : 100.000000,
      "latency_window" : 0
    }
  ],
  "disk_util" : [
    {
      "name" : "nvme0n2",
      "read_ios" : 99,
      "write_ios" : 2199559,
      "read_sectors" : 4200,
      "write_sectors" : 17596456,
      "read_merges" : 0,
      "write_merges" : 0,
      "read_ticks" : 3,
      "write_ticks" : 41197,
      "in_queue" : 41200,
      "util" : 99.364816
    }
  ]
}
