{
  "fio version" : "fio-3.36-103-gb140f",
  "timestamp" : 1711957052,
  "timestamp_ms" : 1711957052295,
  "time" : "Mon Apr  1 03:37:32 2024",
  "global options" : {
    "numjobs" : "8",
    "zonemode" : "zbd",
    "job_max_open_zones" : "1",
    "direct" : "1",
    "buffered" : "0",
    "group_reporting" : "1",
    "filename" : "/dev/nvme0n2"
  },
  "jobs" : [
    {
      "jobname" : "write",
      "groupid" : 0,
      "job_start" : 1711957024284,
      "error" : 0,
      "eta" : 0,
      "elapsed" : 29,
      "job options" : {
        "ioengine" : "sync",
        "io_size" : "2154m",
        "rw" : "randwrite",
        "size" : "14z"
      },
      "read" : {
        "io_bytes" : 0,
        "io_kbytes" : 0,
        "bw_bytes" : 0,
        "bw" : 0,
        "iops" : 0.000000,
        "runtime" : 0,
        "total_ios" : 0,
        "short_ios" : 0,
        "drop_ios" : 0,
        "slat_ns" : {
          "min" : 0,
          "max" : 0,
          "mean" : 0.000000,
          "stddev" : 0.000000,
          "N" : 0
        },
        "clat_ns" : {
          "min" : 0,
          "max" : 0,
          "mean" : 0.000000,
          "stddev" : 0.000000,
          "N" : 0
        },
        "lat_ns" : {
          "min" : 0,
          "max" : 0,
          "mean" : 0.000000,
          "stddev" : 0.000000,
          "N" : 0
        },
        "bw_min" : 0,
        "bw_max" : 0,
        "bw_agg" : 0.000000,
        "bw_mean" : 0.000000,
        "bw_dev" : 0.000000,
        "bw_samples" : 0,
        "iops_min" : 0,
        "iops_max" : 0,
        "iops_mean" : 0.000000,
        "iops_stddev" : 0.000000,
        "iops_samples" : 0
      },
      "write" : {
        "io_bytes" : 18069061632,
        "io_kbytes" : 17645568,
        "bw_bytes" : 646454925,
        "bw" : 631303,
        "iops" : 157825.909628,
        "runtime" : 27951,
        "total_ios" : 4411392,
        "short_ios" : 0,
        "drop_ios" : 0,
        "slat_ns" : {
          "min" : 0,
          "max" : 0,
          "mean" : 0.000000,
          "stddev" : 0.000000,
          "N" : 0
        },
        "clat_ns" : {
          "min" : 11950,
          "max" : 1161567,
          "mean" : 25389.773023,
          "stddev" : 4923.926798,
          "N" : 4411392,
          "percentile" : {
            "1.000000" : 17280,
            "5.000000" : 18816,
            "10.000000" : 19840,
            "20.000000" : 21376,
            "30.000000" : 22656,
            "40.000000" : 23680,
            "50.000000" : 24704,
            "60.000000" : 25984,
            "70.000000" : 27264,
            "80.000000" : 29056,
            "90.000000" : 31616,
            "95.000000" : 34048,
            "99.000000" : 39168,
            "99.500000" : 41728,
            "99.900000" : 50944,
            "99.950000" : 58112,
            "99.990000" : 102912
          }
        },
        "lat_ns" : {
          "min" : 11970,
          "max" : 1161707,
          "mean" : 25530.288181,
          "stddev" : 4949.993865,
          "N" : 4411392
        },
        "bw_min" : 584120,
        "bw_max" : 678528,
        "bw_agg" : 100.000000,
        "bw_mean" : 632640.290909,
        "bw_dev" : 2705.641040,
        "bw_samples" : 440,
        "iops_min" : 146030,
        "iops_max" : 169632,
        "iops_mean" : 158160.145455,
        "iops_stddev" : 676.411288,
        "iops_samples" : 440
      },
      "trim" : {
        "io_bytes" : 0,
        "io_kbytes" : 0,
        "bw_bytes" : 0,
        "bw" : 0,
        "iops" : 0.000000,
        "runtime" : 0,
        "total_ios" : 0,
        "short_ios" : 0,
        "drop_ios" : 0,
        "slat_ns" : {
          "min" : 0,
          "max" : 0,
          "mean" : 0.000000,
          "stddev" : 0.000000,
          "N" : 0
        },
        "clat_ns" : {
          "min" : 0,
          "max" : 0,
          "mean" : 0.000000,
          "stddev" : 0.000000,
          "N" : 0
        },
        "lat_ns" : {
          "min" : 0,
          "max" : 0,
          "mean" : 0.000000,
          "stddev" : 0.000000,
          "N" : 0
        },
        "bw_min" : 0,
        "bw_max" : 0,
        "bw_agg" : 0.000000,
        "bw_mean" : 0.000000,
        "bw_dev" : 0.000000,
        "bw_samples" : 0,
        "iops_min" : 0,
        "iops_max" : 0,
        "iops_mean" : 0.000000,
        "iops_stddev" : 0.000000,
        "iops_samples" : 0
      },
      "sync" : {
        "total_ios" : 0,
        "lat_ns" : {
          "min" : 0,
          "max" : 0,
          "mean" : 0.000000,
          "stddev" : 0.000000,
          "N" : 0
        }
      },
      "job_runtime" : 223052,
      "usr_cpu" : 4.986730,
      "sys_cpu" : 14.276043,
      "ctx" : 6846896,
      "majf" : 0,
      "minf" : 95,
      "iodepth_level" : {
        "1" : 100.000000,
        "2" : 0.000000,
        "4" : 0.000000,
        "8" : 0.000000,
        "16" : 0.000000,
        "32" : 0.000000,
        ">=64" : 0.000000
      },
      "iodepth_submit" : {
        "0" : 0.000000,
        "4" : 100.000000,
        "8" : 0.000000,
        "16" : 0.000000,
        "32" : 0.000000,
        "64" : 0.000000,
        ">=64" : 0.000000
      },
      "iodepth_complete" : {
        "0" : 0.000000,
        "4" : 100.000000,
        "8" : 0.000000,
        "16" : 0.000000,
        "32" : 0.000000,
        "64" : 0.000000,
        ">=64" : 0.000000
      },
      "latency_ns" : {
        "2" : 0.000000,
        "4" : 0.000000,
        "10" : 0.000000,
        "20" : 0.000000,
        "50" : 0.000000,
        "100" : 0.000000,
        "250" : 0.000000,
        "500" : 0.000000,
        "750" : 0.000000,
        "1000" : 0.000000
      },
      "latency_us" : {
        "2" : 0.000000,
        "4" : 0.000000,
        "10" : 0.000000,
        "20" : 10.773901,
        "50" : 89.110059,
        "100" : 0.104910,
        "250" : 0.010972,
        "500" : 0.010000,
        "750" : 0.000000,
        "1000" : 0.000000
      },
      "latency_ms" : {
        "2" : 0.010000,
        "4" : 0.000000,
        "10" : 0.000000,
        "20" : 0.000000,
        "50" : 0.000000,
        "100" : 0.000000,
        "250" : 0.000000,
        "500" : 0.000000,
        "750" : 0.000000,
        "1000" : 0.000000,
        "2000" : 0.000000,
        ">=2000" : 0.000000
      },
      "latency_depth" : 1,
      "latency_target" : 0,
      "latency_percentile" : 100.000000,
      "latency_window" : 0
    }
  ],
  "disk_util" : [
    {
      "name" : "nvme0n2",
      "read_ios" : 96,
      "write_ios" : 4406867,
      "read_sectors" : 4176,
      "write_sectors" : 35254888,
      "read_merges" : 0,
      "write_merges" : 0,
      "read_ticks" : 9,
      "write_ticks" : 85205,
      "in_queue" : 85213,
      "util" : 99.692660
    }
  ]
}
