{
  "fio version" : "fio-3.36-103-gb140f",
  "timestamp" : 1711957083,
  "timestamp_ms" : 1711957083657,
  "time" : "Mon Apr  1 03:38:03 2024",
  "global options" : {
    "numjobs" : "9",
    "zonemode" : "zbd",
    "job_max_open_zones" : "1",
    "direct" : "1",
    "buffered" : "0",
    "group_reporting" : "1",
    "filename" : "/dev/nvme0n2"
  },
  "jobs" : [
    {
      "jobname" : "write",
      "groupid" : 0,
      "job_start" : 1711957052768,
      "error" : 0,
      "eta" : 0,
      "elapsed" : 31,
      "job options" : {
        "ioengine" : "sync",
        "io_size" : "2154m",
        "rw" : "randwrite",
        "size" : "14z"
      },
      "read" : {
        "io_bytes" : 0,
        "io_kbytes" : 0,
        "bw_bytes" : 0,
        "bw" : 0,
        "iops" : 0.000000,
        "runtime" : 0,
        "total_ios" : 0,
        "short_ios" : 0,
        "drop_ios" : 0,
        "slat_ns" : {
          "min" : 0,
          "max" : 0,
          "mean" : 0.000000,
          "stddev" : 0.000000,
          "N" : 0
        },
        "clat_ns" : {
          "min" : 0,
          "max" : 0,
          "mean" : 0.000000,
          "stddev" : 0.000000,
          "N" : 0
        },
        "lat_ns" : {
          "min" : 0,
          "max" : 0,
          "mean" : 0.000000,
          "stddev" : 0.000000,
          "N" : 0
        },
        "bw_min" : 0,
        "bw_max" : 0,
        "bw_agg" : 0.000000,
        "bw_mean" : 0.000000,
        "bw_dev" : 0.000000,
        "bw_samples" : 0,
        "iops_min" : 0,
        "iops_max" : 0,
        "iops_mean" : 0.000000,
        "iops_stddev" : 0.000000,
        "iops_samples" : 0
      },
      "write" : {
        "io_bytes" : 20327694336,
        "io_kbytes" : 19851264,
        "bw_bytes" : 660805355,
        "bw" : 645317,
        "iops" : 161329.432417,
        "runtime" : 30762,
        "total_ios" : 4962816,
        "short_ios" : 0,
        "drop_ios" : 0,
        "slat_ns" : {
          "min" : 0,
          "max" : 0,
          "mean" : 0.000000,
          "stddev" : 0.000000,
          "N" : 0
        },
        "clat_ns" : {
          "min" : 11967,
          "max" : 556415,
          "mean" : 26955.850730,
          "stddev" : 5421.956974,
          "N" : 4962816,
          "percentile" : {
            "1.000000" : 18048,
            "5.000000" : 19584,
            "10.000000" : 20864,
            "20.000000" : 22400,
            "30.000000" : 23936,
            "40.000000" : 24960,
            "50.000000" : 26240,
            "60.000000" : 27520,
            "70.000000" : 29056,
            "80.000000" : 31104,
            "90.000000" : 34048,
            "95.000000" : 36096,
            "99.000000" : 42240,
            "99.500000" : 44800,
            "99.900000" : 54528,
            "99.950000" : 62720,
            "99.990000" : 108032
          }
        },
        "lat_ns" : {
          "min" : 11988,
          "max" : 556598,
          "mean" : 27104.792476,
          "stddev" : 5450.225269,
          "N" : 4962816
        },
        "bw_min" : 571248,
        "bw_max" : 695192,
        "bw_agg" : 100.000000,
        "bw_mean" : 646915.112568,
        "bw_dev" : 3012.314483,
        "bw_samples" : 548,
        "iops_min" : 142812,
        "iops_max" : 173798,
        "iops_mean" : 161728.745355,
        "iops_stddev" : 753.078900,
        "iops_samples" : 548
      },
      "trim" : {
        "io_bytes" : 0,
        "io_kbytes" : 0,
        "bw_bytes" : 0,
        "bw" : 0,
        "iops" : 0.000000,
        "runtime" : 0,
        "total_ios" : 0,
        "short_ios" : 0,
        "drop_ios" : 0,
        "slat_ns" : {
          "min" : 0,
          "max" : 0,
          "mean" : 0.000000,
          "stddev" : 0.000000,
          "N" : 0
        },
        "clat_ns" : {
          "min" : 0,
          "max" : 0,
          "mean" : 0.000000,
          "stddev" : 0.000000,
          "N" : 0
        },
        "lat_ns" : {
          "min" : 0,
          "max" : 0,
          "mean" : 0.000000,
          "stddev" : 0.000000,
          "N" : 0
        },
        "bw_min" : 0,
        "bw_max" : 0,
        "bw_agg" : 0.000000,
        "bw_mean" : 0.000000,
        "bw_dev" : 0.000000,
        "bw_samples" : 0,
        "iops_min" : 0,
        "iops_max" : 0,
        "iops_mean" : 0.000000,
        "iops_stddev" : 0.000000,
        "iops_samples" : 0
      },
      "sync" : {
        "total_ios" : 0,
        "lat_ns" : {
          "min" : 0,
          "max" : 0,
          "mean" : 0.000000,
          "stddev" : 0.000000,
          "N" : 0
        }
      },
      "job_runtime" : 276054,
      "usr_cpu" : 5.012425,
      "sys_cpu" : 14.110645,
      "ctx" : 7677501,
      "majf" : 0,
      "minf" : 112,
      "iodepth_level" : {
        "1" : 100.000000,
        "2" : 0.000000,
        "4" : 0.000000,
        "8" : 0.000000,
        "16" : 0.000000,
        "32" : 0.000000,
        ">=64" : 0.000000
      },
      "iodepth_submit" : {
        "0" : 0.000000,
        "4" : 100.000000,
        "8" : 0.000000,
        "16" : 0.000000,
        "32" : 0.000000,
        "64" : 0.000000,
        ">=64" : 0.000000
      },
      "iodepth_complete" : {
        "0" : 0.000000,
        "4" : 100.000000,
        "8" : 0.000000,
        "16" : 0.000000,
        "32" : 0.000000,
        "64" : 0.000000,
        ">=64" : 0.000000
      },
      "latency_ns" : {
        "2" : 0.000000,
        "4" : 0.000000,
        "10" : 0.000000,
        "20" : 0.000000,
        "50" : 0.000000,
        "100" : 0.000000,
        "250" : 0.000000,
        "500" : 0.000000,
        "750" : 0.000000,
        "1000" : 0.000000
      },
      "latency_us" : {
        "2" : 0.000000,
        "4" : 0.000000,
        "10" : 0.000000,
        "20" : 6.166318,
        "50" : 93.648183,
        "100" : 0.173269,
        "250" : 0.011768,
        "500" : 0.010000,
        "750" : 0.010000,
        "1000" : 0.000000
      },
      "latency_ms" : {
        "2" : 0.000000,
        "4" : 0.000000,
        "10" : 0.000000,
        "20" : 0.000000,
        "50" : 0.000000,
        "100" : 0.000000,
        "250" : 0.000000,
        "500" : 0.000000,
        "750" : 0.000000,
        "1000" : 0.000000,
        "2000" : 0.000000,
        ">=2000" : 0.000000
      },
      "latency_depth" : 1,
      "latency_target" : 0,
      "latency_percentile" : 100.000000,
      "latency_window" : 0
    }
  ],
  "disk_util" : [
    {
      "name" : "nvme0n2",
      "read_ios" : 96,
      "write_ios" : 4949288,
      "read_sectors" : 4176,
      "write_sectors" : 39594224,
      "read_merges" : 0,
      "write_merges" : 0,
      "read_ticks" : 12,
      "write_ticks" : 100795,
      "in_queue" : 100807,
      "util" : 99.765594
    }
  ]
}
