{
  "fio version" : "fio-3.36-103-gb140f",
  "timestamp" : 1711957117,
  "timestamp_ms" : 1711957117743,
  "time" : "Mon Apr  1 03:38:37 2024",
  "global options" : {
    "numjobs" : "10",
    "zonemode" : "zbd",
    "job_max_open_zones" : "1",
    "direct" : "1",
    "buffered" : "0",
    "group_reporting" : "1",
    "filename" : "/dev/nvme0n2"
  },
  "jobs" : [
    {
      "jobname" : "write",
      "groupid" : 0,
      "job_start" : 1711957084104,
      "error" : 0,
      "eta" : 0,
      "elapsed" : 34,
      "job options" : {
        "ioengine" : "sync",
        "io_size" : "2154m",
        "rw" : "randwrite",
        "size" : "14z"
      },
      "read" : {
        "io_bytes" : 0,
        "io_kbytes" : 0,
        "bw_bytes" : 0,
        "bw" : 0,
        "iops" : 0.000000,
        "runtime" : 0,
        "total_ios" : 0,
        "short_ios" : 0,
        "drop_ios" : 0,
        "slat_ns" : {
          "min" : 0,
          "max" : 0,
          "mean" : 0.000000,
          "stddev" : 0.000000,
          "N" : 0
        },
        "clat_ns" : {
          "min" : 0,
          "max" : 0,
          "mean" : 0.000000,
          "stddev" : 0.000000,
          "N" : 0
        },
        "lat_ns" : {
          "min" : 0,
          "max" : 0,
          "mean" : 0.000000,
          "stddev" : 0.000000,
          "N" : 0
        },
        "bw_min" : 0,
        "bw_max" : 0,
        "bw_agg" : 0.000000,
        "bw_mean" : 0.000000,
        "bw_dev" : 0.000000,
        "bw_samples" : 0,
        "iops_min" : 0,
        "iops_max" : 0,
        "iops_mean" : 0.000000,
        "iops_stddev" : 0.000000,
        "iops_samples" : 0
      },
      "write" : {
        "io_bytes" : 22586327040,
        "io_kbytes" : 22056960,
        "bw_bytes" : 673394563,
        "bw" : 657611,
        "iops" : 164402.969500,
        "runtime" : 33541,
        "total_ios" : 5514240,
        "short_ios" : 0,
        "drop_ios" : 0,
        "slat_ns" : {
          "min" : 0,
          "max" : 0,
          "mean" : 0.000000,
          "stddev" : 0.000000,
          "N" : 0
        },
        "clat_ns" : {
          "min" : 12475,
          "max" : 663956,
          "mean" : 28382.417042,
          "stddev" : 5887.948239,
          "N" : 5514240,
          "percentile" : {
            "1.000000" : 18560,
            "5.000000" : 20608,
            "10.000000" : 21888,
            "20.000000" : 23424,
            "30.000000" : 24960,
            "40.000000" : 26240,
            "50.000000" : 27776,
            "60.000000" : 29056,
            "70.000000" : 30592,
            "80.000000" : 32640,
            "90.000000" : 35584,
            "95.000000" : 38656,
            "99.000000" : 44800,
            "99.500000" : 47872,
            "99.900000" : 58112,
            "99.950000" : 66048,
            "99.990000" : 113152
          }
        },
        "lat_ns" : {
          "min" : 12501,
          "max" : 664059,
          "mean" : 28561.077269,
          "stddev" : 5931.118690,
          "N" : 5514240
        },
        "bw_min" : 599784,
        "bw_max" : 698024,
        "bw_agg" : 100.000000,
        "bw_mean" : 659597.963817,
        "bw_dev" : 2217.694693,
        "bw_samples" : 662,
        "iops_min" : 149946,
        "iops_max" : 174506,
        "iops_mean" : 164899.460651,
        "iops_stddev" : 554.423119,
        "iops_samples" : 662
      },
      "trim" : {
        "io_bytes" : 0,
        "io_kbytes" : 0,
        "bw_bytes" : 0,
        "bw" : 0,
        "iops" : 0.000000,
        "runtime" : 0,
        "total_ios" : 0,
        "short_ios" : 0,
        "drop_ios" : 0,
        "slat_ns" : {
          "min" : 0,
          "max" : 0,
          "mean" : 0.000000,
          "stddev" : 0.000000,
          "N" : 0
        },
        "clat_ns" : {
          "min" : 0,
          "max" : 0,
          "mean" : 0.000000,
          "stddev" : 0.000000,
          "N" : 0
        },
        "lat_ns" : {
          "min" : 0,
          "max" : 0,
          "mean" : 0.000000,
          "stddev" : 0.000000,
          "N" : 0
        },
        "bw_min" : 0,
        "bw_max" : 0,
        "bw_agg" : 0.000000,
        "bw_mean" : 0.000000,
        "bw_dev" : 0.000000,
        "bw_samples" : 0,
        "iops_min" : 0,
        "iops_max" : 0,
        "iops_mean" : 0.000000,
        "iops_stddev" : 0.000000,
        "iops_samples" : 0
      },
      "sync" : {
        "total_ios" : 0,
        "lat_ns" : {
          "min" : 0,
          "max" : 0,
          "mean" : 0.000000,
          "stddev" : 0.000000,
          "N" : 0
        }
      },
      "job_runtime" : 334903,
      "usr_cpu" : 4.894850,
      "sys_cpu" : 13.717106,
      "ctx" : 8493412,
      "majf" : 0,
      "minf" : 119,
      "iodepth_level" : {
        "1" : 100.000000,
        "2" : 0.000000,
        "4" : 0.000000,
        "8" : 0.000000,
        "16" : 0.000000,
        "32" : 0.000000,
        ">=64" : 0.000000
      },
      "iodepth_submit" : {
        "0" : 0.000000,
        "4" : 100.000000,
        "8" : 0.000000,
        "16" : 0.000000,
        "32" : 0.000000,
        "64" : 0.000000,
        ">=64" : 0.000000
      },
      "iodepth_complete" : {
        "0" : 0.000000,
        "4" : 100.000000,
        "8" : 0.000000,
        "16" : 0.000000,
        "32" : 0.000000,
        "64" : 0.000000,
        ">=64" : 0.000000
      },
      "latency_ns" : {
        "2" : 0.000000,
        "4" : 0.000000,
        "10" : 0.000000,
        "20" : 0.000000,
        "50" : 0.000000,
        "100" : 0.000000,
        "250" : 0.000000,
        "500" : 0.000000,
        "750" : 0.000000,
        "1000" : 0.000000
      },
      "latency_us" : {
        "2" : 0.000000,
        "4" : 0.000000,
        "10" : 0.000000,
        "20" : 3.563592,
        "50" : 96.117108,
        "100" : 0.305101,
        "250" : 0.013619,
        "500" : 0.010000,
        "750" : 0.010000,
        "1000" : 0.000000
      },
      "latency_ms" : {
        "2" : 0.000000,
        "4" : 0.000000,
        "10" : 0.000000,
        "20" : 0.000000,
        "50" : 0.000000,
        "100" : 0.000000,
        "250" : 0.000000,
        "500" : 0.000000,
        "750" : 0.000000,
        "1000" : 0.000000,
        "2000" : 0.000000,
        ">=2000" : 0.000000
      },
      "latency_depth" : 1,
      "latency_target" : 0,
      "latency_percentile" : 100.000000,
      "latency_window" : 0
    }
  ],
  "disk_util" : [
    {
      "name" : "nvme0n2",
      "read_ios" : 0,
      "write_ios" : 5498376,
      "read_sectors" : 0,
      "write_sectors" : 43986920,
      "read_merges" : 0,
      "write_merges" : 0,
      "read_ticks" : 0,
      "write_ticks" : 117773,
      "in_queue" : 117773,
      "util" : 99.743115
    }
  ]
}
