{
  "fio version" : "fio-3.36-103-gb140f",
  "timestamp" : 1711942217,
  "timestamp_ms" : 1711942217148,
  "time" : "Sun Mar 31 23:30:17 2024",
  "global options" : {
    "numjobs" : "9",
    "zonemode" : "zbd",
    "job_max_open_zones" : "1",
    "direct" : "1",
    "buffered" : "0",
    "group_reporting" : "1",
    "bs" : "16k",
    "filename" : "/dev/nvme0n2"
  },
  "jobs" : [
    {
      "jobname" : "read",
      "groupid" : 0,
      "job_start" : 1711942207257,
      "error" : 0,
      "eta" : 0,
      "elapsed" : 10,
      "job options" : {
        "ioengine" : "sync",
        "rw" : "read",
        "size" : "1z",
        "offset_increment" : "1z"
      },
      "read" : {
        "io_bytes" : 10163847168,
        "io_kbytes" : 9925632,
        "bw_bytes" : 1054231632,
        "bw" : 1029523,
        "iops" : 64345.192407,
        "runtime" : 9641,
        "total_ios" : 620352,
        "short_ios" : 0,
        "drop_ios" : 0,
        "slat_ns" : {
          "min" : 0,
          "max" : 0,
          "mean" : 0.000000,
          "stddev" : 0.000000,
          "N" : 0
        },
        "clat_ns" : {
          "min" : 100419,
          "max" : 528246,
          "mean" : 138153.458499,
          "stddev" : 34030.509446,
          "N" : 620352,
          "percentile" : {
            "1.000000" : 110080,
            "5.000000" : 111104,
            "10.000000" : 112128,
            "20.000000" : 115200,
            "30.000000" : 118272,
            "40.000000" : 123392,
            "50.000000" : 125440,
            "60.000000" : 129536,
            "70.000000" : 138240,
            "80.000000" : 160768,
            "90.000000" : 177152,
            "95.000000" : 199680,
            "99.000000" : 268288,
            "99.500000" : 292864,
            "99.900000" : 358400,
            "99.950000" : 382976,
            "99.990000" : 444416
          }
        },
        "lat_ns" : {
          "min" : 100435,
          "max" : 528342,
          "mean" : 138255.182696,
          "stddev" : 34034.949150,
          "N" : 620352
        },
        "bw_min" : 996896,
        "bw_max" : 1066720,
        "bw_agg" : 100.000000,
        "bw_mean" : 1035223.578947,
        "bw_dev" : 2007.207205,
        "bw_samples" : 171,
        "iops_min" : 62306,
        "iops_max" : 66670,
        "iops_mean" : 64701.473684,
        "iops_stddev" : 125.450450,
        "iops_samples" : 171
      },
      "write" : {
        "io_bytes" : 0,
        "io_kbytes" : 0,
        "bw_bytes" : 0,
        "bw" : 0,
        "iops" : 0.000000,
        "runtime" : 0,
        "total_ios" : 0,
        "short_ios" : 0,
        "drop_ios" : 0,
        "slat_ns" : {
          "min" : 0,
          "max" : 0,
          "mean" : 0.000000,
          "stddev" : 0.000000,
          "N" : 0
        },
        "clat_ns" : {
          "min" : 0,
          "max" : 0,
          "mean" : 0.000000,
          "stddev" : 0.000000,
          "N" : 0
        },
        "lat_ns" : {
          "min" : 0,
          "max" : 0,
          "mean" : 0.000000,
          "stddev" : 0.000000,
          "N" : 0
        },
        "bw_min" : 0,
        "bw_max" : 0,
        "bw_agg" : 0.000000,
        "bw_mean" : 0.000000,
        "bw_dev" : 0.000000,
        "bw_samples" : 0,
        "iops_min" : 0,
        "iops_max" : 0,
        "iops_mean" : 0.000000,
        "iops_stddev" : 0.000000,
        "iops_samples" : 0
      },
      "trim" : {
        "io_bytes" : 0,
        "io_kbytes" : 0,
        "bw_bytes" : 0,
        "bw" : 0,
        "iops" : 0.000000,
        "runtime" : 0,
        "total_ios" : 0,
        "short_ios" : 0,
        "drop_ios" : 0,
        "slat_ns" : {
          "min" : 0,
          "max" : 0,
          "mean" : 0.000000,
          "stddev" : 0.000000,
          "N" : 0
        },
        "clat_ns" : {
          "min" : 0,
          "max" : 0,
          "mean" : 0.000000,
          "stddev" : 0.000000,
          "N" : 0
        },
        "lat_ns" : {
          "min" : 0,
          "max" : 0,
          "mean" : 0.000000,
          "stddev" : 0.000000,
          "N" : 0
        },
        "bw_min" : 0,
        "bw_max" : 0,
        "bw_agg" : 0.000000,
        "bw_mean" : 0.000000,
        "bw_dev" : 0.000000,
        "bw_samples" : 0,
        "iops_min" : 0,
        "iops_max" : 0,
        "iops_mean" : 0.000000,
        "iops_stddev" : 0.000000,
        "iops_samples" : 0
      },
      "sync" : {
        "total_ios" : 0,
        "lat_ns" : {
          "min" : 0,
          "max" : 0,
          "mean" : 0.000000,
          "stddev" : 0.000000,
          "N" : 0
        }
      },
      "job_runtime" : 86316,
      "usr_cpu" : 1.619630,
      "sys_cpu" : 6.190046,
      "ctx" : 620666,
      "majf" : 0,
      "minf" : 151,
      "iodepth_level" : {
        "1" : 100.000000,
        "2" : 0.000000,
        "4" : 0.000000,
        "8" : 0.000000,
        "16" : 0.000000,
        "32" : 0.000000,
        ">=64" : 0.000000
      },
      "iodepth_submit" : {
        "0" : 0.000000,
        "4" : 100.000000,
        "8" : 0.000000,
        "16" : 0.000000,
        "32" : 0.000000,
        "64" : 0.000000,
        ">=64" : 0.000000
      },
      "iodepth_complete" : {
        "0" : 0.000000,
        "4" : 100.000000,
        "8" : 0.000000,
        "16" : 0.000000,
        "32" : 0.000000,
        "64" : 0.000000,
        ">=64" : 0.000000
      },
      "latency_ns" : {
        "2" : 0.000000,
        "4" : 0.000000,
        "10" : 0.000000,
        "20" : 0.000000,
        "50" : 0.000000,
        "100" : 0.000000,
        "250" : 0.000000,
        "500" : 0.000000,
        "750" : 0.000000,
        "1000" : 0.000000
      },
      "latency_us" : {
        "2" : 0.000000,
        "4" : 0.000000,
        "10" : 0.000000,
        "20" : 0.000000,
        "50" : 0.000000,
        "100" : 0.000000,
        "250" : 97.825589,
        "500" : 2.173121,
        "750" : 0.010000,
        "1000" : 0.000000
      },
      "latency_ms" : {
        "2" : 0.000000,
        "4" : 0.000000,
        "10" : 0.000000,
        "20" : 0.000000,
        "50" : 0.000000,
        "100" : 0.000000,
        "250" : 0.000000,
        "500" : 0.000000,
        "750" : 0.000000,
        "1000" : 0.000000,
        "2000" : 0.000000,
        ">=2000" : 0.000000
      },
      "latency_depth" : 1,
      "latency_target" : 0,
      "latency_percentile" : 100.000000,
      "latency_window" : 0
    }
  ],
  "disk_util" : [
    {
      "name" : "nvme0n2",
      "read_ios" : 620350,
      "write_ios" : 0,
      "read_sectors" : 19851200,
      "write_sectors" : 0,
      "read_merges" : 0,
      "write_merges" : 0,
      "read_ticks" : 80421,
      "write_ticks" : 0,
      "in_queue" : 80421,
      "util" : 99.065229
    }
  ]
}
