{
  "fio version" : "fio-3.36-103-gb140f",
  "timestamp" : 1711946494,
  "timestamp_ms" : 1711946494584,
  "time" : "Mon Apr  1 00:41:34 2024",
  "global options" : {
    "zonemode" : "zbd",
    "job_max_open_zones" : "1",
    "direct" : "1",
    "buffered" : "0",
    "group_reporting" : "1",
    "bs" : "4k",
    "filename" : "/dev/nvme0n2"
  },
  "jobs" : [
    {
      "jobname" : "read",
      "groupid" : 0,
      "job_start" : 1711946464191,
      "error" : 0,
      "eta" : 0,
      "elapsed" : 31,
      "job options" : {
        "numjobs" : "1",
        "ioengine" : "sync",
        "rw" : "read",
        "size" : "12z"
      },
      "read" : {
        "io_bytes" : 13551796224,
        "io_kbytes" : 13234176,
        "bw_bytes" : 449076986,
        "bw" : 438551,
        "iops" : 109637.936177,
        "runtime" : 30177,
        "total_ios" : 3308544,
        "short_ios" : 0,
        "drop_ios" : 0,
        "slat_ns" : {
          "min" : 0,
          "max" : 0,
          "mean" : 0.000000,
          "stddev" : 0.000000,
          "N" : 0
        },
        "clat_ns" : {
          "min" : 7840,
          "max" : 493646,
          "mean" : 8958.938295,
          "stddev" : 2007.079467,
          "N" : 3308544,
          "percentile" : {
            "1.000000" : 8096,
            "5.000000" : 8160,
            "10.000000" : 8256,
            "20.000000" : 8256,
            "30.000000" : 8384,
            "40.000000" : 8512,
            "50.000000" : 9024,
            "60.000000" : 9152,
            "70.000000" : 9280,
            "80.000000" : 9408,
            "90.000000" : 9536,
            "95.000000" : 9664,
            "99.000000" : 10176,
            "99.500000" : 10688,
            "99.900000" : 27520,
            "99.950000" : 70144,
            "99.990000" : 83456
          }
        },
        "lat_ns" : {
          "min" : 7854,
          "max" : 493662,
          "mean" : 8974.344210,
          "stddev" : 2007.804389,
          "N" : 3308544
        },
        "bw_min" : 417528,
        "bw_max" : 448136,
        "bw_agg" : 100.000000,
        "bw_mean" : 438678.800000,
        "bw_dev" : 8641.182446,
        "bw_samples" : 60,
        "iops_min" : 104382,
        "iops_max" : 112034,
        "iops_mean" : 109669.700000,
        "iops_stddev" : 2160.295611,
        "iops_samples" : 60
      },
      "write" : {
        "io_bytes" : 0,
        "io_kbytes" : 0,
        "bw_bytes" : 0,
        "bw" : 0,
        "iops" : 0.000000,
        "runtime" : 0,
        "total_ios" : 0,
        "short_ios" : 0,
        "drop_ios" : 0,
        "slat_ns" : {
          "min" : 0,
          "max" : 0,
          "mean" : 0.000000,
          "stddev" : 0.000000,
          "N" : 0
        },
        "clat_ns" : {
          "min" : 0,
          "max" : 0,
          "mean" : 0.000000,
          "stddev" : 0.000000,
          "N" : 0
        },
        "lat_ns" : {
          "min" : 0,
          "max" : 0,
          "mean" : 0.000000,
          "stddev" : 0.000000,
          "N" : 0
        },
        "bw_min" : 0,
        "bw_max" : 0,
        "bw_agg" : 0.000000,
        "bw_mean" : 0.000000,
        "bw_dev" : 0.000000,
        "bw_samples" : 0,
        "iops_min" : 0,
        "iops_max" : 0,
        "iops_mean" : 0.000000,
        "iops_stddev" : 0.000000,
        "iops_samples" : 0
      },
      "trim" : {
        "io_bytes" : 0,
        "io_kbytes" : 0,
        "bw_bytes" : 0,
        "bw" : 0,
        "iops" : 0.000000,
        "runtime" : 0,
        "total_ios" : 0,
        "short_ios" : 0,
        "drop_ios" : 0,
        "slat_ns" : {
          "min" : 0,
          "max" : 0,
          "mean" : 0.000000,
          "stddev" : 0.000000,
          "N" : 0
        },
        "clat_ns" : {
          "min" : 0,
          "max" : 0,
          "mean" : 0.000000,
          "stddev" : 0.000000,
          "N" : 0
        },
        "lat_ns" : {
          "min" : 0,
          "max" : 0,
          "mean" : 0.000000,
          "stddev" : 0.000000,
          "N" : 0
        },
        "bw_min" : 0,
        "bw_max" : 0,
        "bw_agg" : 0.000000,
        "bw_mean" : 0.000000,
        "bw_dev" : 0.000000,
        "bw_samples" : 0,
        "iops_min" : 0,
        "iops_max" : 0,
        "iops_mean" : 0.000000,
        "iops_stddev" : 0.000000,
        "iops_samples" : 0
      },
      "sync" : {
        "total_ios" : 0,
        "lat_ns" : {
          "min" : 0,
          "max" : 0,
          "mean" : 0.000000,
          "stddev" : 0.000000,
          "N" : 0
        }
      },
      "job_runtime" : 30176,
      "usr_cpu" : 3.575689,
      "sys_cpu" : 13.411320,
      "ctx" : 3308556,
      "majf" : 0,
      "minf" : 12,
      "iodepth_level" : {
        "1" : 100.000000,
        "2" : 0.000000,
        "4" : 0.000000,
        "8" : 0.000000,
        "16" : 0.000000,
        "32" : 0.000000,
        ">=64" : 0.000000
      },
      "iodepth_submit" : {
        "0" : 0.000000,
        "4" : 100.000000,
        "8" : 0.000000,
        "16" : 0.000000,
        "32" : 0.000000,
        "64" : 0.000000,
        ">=64" : 0.000000
      },
      "iodepth_complete" : {
        "0" : 0.000000,
        "4" : 100.000000,
        "8" : 0.000000,
        "16" : 0.000000,
        "32" : 0.000000,
        "64" : 0.000000,
        ">=64" : 0.000000
      },
      "latency_ns" : {
        "2" : 0.000000,
        "4" : 0.000000,
        "10" : 0.000000,
        "20" : 0.000000,
        "50" : 0.000000,
        "100" : 0.000000,
        "250" : 0.000000,
        "500" : 0.000000,
        "750" : 0.000000,
        "1000" : 0.000000
      },
      "latency_us" : {
        "2" : 0.000000,
        "4" : 0.000000,
        "10" : 98.687429,
        "20" : 1.055177,
        "50" : 0.202778,
        "100" : 0.053286,
        "250" : 0.010000,
        "500" : 0.010000,
        "750" : 0.000000,
        "1000" : 0.000000
      },
      "latency_ms" : {
        "2" : 0.000000,
        "4" : 0.000000,
        "10" : 0.000000,
        "20" : 0.000000,
        "50" : 0.000000,
        "100" : 0.000000,
        "250" : 0.000000,
        "500" : 0.000000,
        "750" : 0.000000,
        "1000" : 0.000000,
        "2000" : 0.000000,
        ">=2000" : 0.000000
      },
      "latency_depth" : 1,
      "latency_target" : 0,
      "latency_percentile" : 100.000000,
      "latency_window" : 0
    }
  ],
  "disk_util" : [
    {
      "name" : "nvme0n2",
      "read_ios" : 3304639,
      "write_ios" : 0,
      "read_sectors" : 26437112,
      "write_sectors" : 0,
      "read_merges" : 0,
      "write_merges" : 0,
      "read_ticks" : 25337,
      "write_ticks" : 0,
      "in_queue" : 25337,
      "util" : 99.725447
    }
  ]
}
