{
  "fio version" : "fio-3.36-103-gb140f",
  "timestamp" : 1711946333,
  "timestamp_ms" : 1711946333656,
  "time" : "Mon Apr  1 00:38:53 2024",
  "global options" : {
    "zonemode" : "zbd",
    "job_max_open_zones" : "1",
    "direct" : "1",
    "buffered" : "0",
    "group_reporting" : "1",
    "bs" : "4k",
    "filename" : "/dev/nvme0n2"
  },
  "jobs" : [
    {
      "jobname" : "read",
      "groupid" : 0,
      "job_start" : 1711946320764,
      "error" : 0,
      "eta" : 0,
      "elapsed" : 13,
      "job options" : {
        "numjobs" : "1",
        "ioengine" : "sync",
        "rw" : "read",
        "size" : "5z"
      },
      "read" : {
        "io_bytes" : 5646581760,
        "io_kbytes" : 5514240,
        "bw_bytes" : 444297880,
        "bw" : 433884,
        "iops" : 108471.162169,
        "runtime" : 12709,
        "total_ios" : 1378560,
        "short_ios" : 0,
        "drop_ios" : 0,
        "slat_ns" : {
          "min" : 0,
          "max" : 0,
          "mean" : 0.000000,
          "stddev" : 0.000000,
          "N" : 0
        },
        "clat_ns" : {
          "min" : 7841,
          "max" : 489940,
          "mean" : 9044.902725,
          "stddev" : 2112.255513,
          "N" : 1378560,
          "percentile" : {
            "1.000000" : 7968,
            "5.000000" : 8096,
            "10.000000" : 8256,
            "20.000000" : 8384,
            "30.000000" : 8512,
            "40.000000" : 8640,
            "50.000000" : 9024,
            "60.000000" : 9280,
            "70.000000" : 9408,
            "80.000000" : 9536,
            "90.000000" : 9664,
            "95.000000" : 9792,
            "99.000000" : 10048,
            "99.500000" : 11840,
            "99.900000" : 33024,
            "99.950000" : 71168,
            "99.990000" : 84480
          }
        },
        "lat_ns" : {
          "min" : 7855,
          "max" : 489960,
          "mean" : 9061.113063,
          "stddev" : 2113.435111,
          "N" : 1378560
        },
        "bw_min" : 408600,
        "bw_max" : 451592,
        "bw_agg" : 100.000000,
        "bw_mean" : 433920.960000,
        "bw_dev" : 11043.045309,
        "bw_samples" : 25,
        "iops_min" : 102150,
        "iops_max" : 112898,
        "iops_mean" : 108480.160000,
        "iops_stddev" : 2760.694714,
        "iops_samples" : 25
      },
      "write" : {
        "io_bytes" : 0,
        "io_kbytes" : 0,
        "bw_bytes" : 0,
        "bw" : 0,
        "iops" : 0.000000,
        "runtime" : 0,
        "total_ios" : 0,
        "short_ios" : 0,
        "drop_ios" : 0,
        "slat_ns" : {
          "min" : 0,
          "max" : 0,
          "mean" : 0.000000,
          "stddev" : 0.000000,
          "N" : 0
        },
        "clat_ns" : {
          "min" : 0,
          "max" : 0,
          "mean" : 0.000000,
          "stddev" : 0.000000,
          "N" : 0
        },
        "lat_ns" : {
          "min" : 0,
          "max" : 0,
          "mean" : 0.000000,
          "stddev" : 0.000000,
          "N" : 0
        },
        "bw_min" : 0,
        "bw_max" : 0,
        "bw_agg" : 0.000000,
        "bw_mean" : 0.000000,
        "bw_dev" : 0.000000,
        "bw_samples" : 0,
        "iops_min" : 0,
        "iops_max" : 0,
        "iops_mean" : 0.000000,
        "iops_stddev" : 0.000000,
        "iops_samples" : 0
      },
      "trim" : {
        "io_bytes" : 0,
        "io_kbytes" : 0,
        "bw_bytes" : 0,
        "bw" : 0,
        "iops" : 0.000000,
        "runtime" : 0,
        "total_ios" : 0,
        "short_ios" : 0,
        "drop_ios" : 0,
        "slat_ns" : {
          "min" : 0,
          "max" : 0,
          "mean" : 0.000000,
          "stddev" : 0.000000,
          "N" : 0
        },
        "clat_ns" : {
          "min" : 0,
          "max" : 0,
          "mean" : 0.000000,
          "stddev" : 0.000000,
          "N" : 0
        },
        "lat_ns" : {
          "min" : 0,
          "max" : 0,
          "mean" : 0.000000,
          "stddev" : 0.000000,
          "N" : 0
        },
        "bw_min" : 0,
        "bw_max" : 0,
        "bw_agg" : 0.000000,
        "bw_mean" : 0.000000,
        "bw_dev" : 0.000000,
        "bw_samples" : 0,
        "iops_min" : 0,
        "iops_max" : 0,
        "iops_mean" : 0.000000,
        "iops_stddev" : 0.000000,
        "iops_samples" : 0
      },
      "sync" : {
        "total_ios" : 0,
        "lat_ns" : {
          "min" : 0,
          "max" : 0,
          "mean" : 0.000000,
          "stddev" : 0.000000,
          "N" : 0
        }
      },
      "job_runtime" : 12708,
      "usr_cpu" : 3.423041,
      "sys_cpu" : 14.384640,
      "ctx" : 1378566,
      "majf" : 0,
      "minf" : 14,
      "iodepth_level" : {
        "1" : 100.000000,
        "2" : 0.000000,
        "4" : 0.000000,
        "8" : 0.000000,
        "16" : 0.000000,
        "32" : 0.000000,
        ">=64" : 0.000000
      },
      "iodepth_submit" : {
        "0" : 0.000000,
        "4" : 100.000000,
        "8" : 0.000000,
        "16" : 0.000000,
        "32" : 0.000000,
        "64" : 0.000000,
        ">=64" : 0.000000
      },
      "iodepth_complete" : {
        "0" : 0.000000,
        "4" : 100.000000,
        "8" : 0.000000,
        "16" : 0.000000,
        "32" : 0.000000,
        "64" : 0.000000,
        ">=64" : 0.000000
      },
      "latency_ns" : {
        "2" : 0.000000,
        "4" : 0.000000,
        "10" : 0.000000,
        "20" : 0.000000,
        "50" : 0.000000,
        "100" : 0.000000,
        "250" : 0.000000,
        "500" : 0.000000,
        "750" : 0.000000,
        "1000" : 0.000000
      },
      "latency_us" : {
        "2" : 0.000000,
        "4" : 0.000000,
        "10" : 98.922716,
        "20" : 0.796121,
        "50" : 0.226541,
        "100" : 0.053389,
        "250" : 0.010000,
        "500" : 0.010000,
        "750" : 0.000000,
        "1000" : 0.000000
      },
      "latency_ms" : {
        "2" : 0.000000,
        "4" : 0.000000,
        "10" : 0.000000,
        "20" : 0.000000,
        "50" : 0.000000,
        "100" : 0.000000,
        "250" : 0.000000,
        "500" : 0.000000,
        "750" : 0.000000,
        "1000" : 0.000000,
        "2000" : 0.000000,
        ">=2000" : 0.000000
      },
      "latency_depth" : 1,
      "latency_target" : 0,
      "latency_percentile" : 100.000000,
      "latency_window" : 0
    }
  ],
  "disk_util" : [
    {
      "name" : "nvme0n2",
      "read_ios" : 1371297,
      "write_ios" : 0,
      "read_sectors" : 10970376,
      "write_sectors" : 0,
      "read_merges" : 0,
      "write_merges" : 0,
      "read_ticks" : 10525,
      "write_ticks" : 0,
      "in_queue" : 10525,
      "util" : 99.301248
    }
  ]
}
