{
  "fio version" : "fio-3.36-103-gb140f",
  "timestamp" : 1711946310,
  "timestamp_ms" : 1711946310109,
  "time" : "Mon Apr  1 00:38:30 2024",
  "global options" : {
    "zonemode" : "zbd",
    "job_max_open_zones" : "1",
    "direct" : "1",
    "buffered" : "0",
    "group_reporting" : "1",
    "bs" : "4k",
    "filename" : "/dev/nvme0n2"
  },
  "jobs" : [
    {
      "jobname" : "read",
      "groupid" : 0,
      "job_start" : 1711946302606,
      "error" : 0,
      "eta" : 0,
      "elapsed" : 8,
      "job options" : {
        "numjobs" : "1",
        "ioengine" : "sync",
        "rw" : "read",
        "size" : "3z"
      },
      "read" : {
        "io_bytes" : 3387949056,
        "io_kbytes" : 3308544,
        "bw_bytes" : 452752780,
        "bw" : 442141,
        "iops" : 110535.346786,
        "runtime" : 7483,
        "total_ios" : 827136,
        "short_ios" : 0,
        "drop_ios" : 0,
        "slat_ns" : {
          "min" : 0,
          "max" : 0,
          "mean" : 0.000000,
          "stddev" : 0.000000,
          "N" : 0
        },
        "clat_ns" : {
          "min" : 7886,
          "max" : 497092,
          "mean" : 8894.176067,
          "stddev" : 2053.181017,
          "N" : 827136,
          "percentile" : {
            "1.000000" : 8096,
            "5.000000" : 8160,
            "10.000000" : 8256,
            "20.000000" : 8256,
            "30.000000" : 8256,
            "40.000000" : 8384,
            "50.000000" : 9152,
            "60.000000" : 9152,
            "70.000000" : 9280,
            "80.000000" : 9280,
            "90.000000" : 9408,
            "95.000000" : 9536,
            "99.000000" : 9664,
            "99.500000" : 12352,
            "99.900000" : 32128,
            "99.950000" : 70144,
            "99.990000" : 83456
          }
        },
        "lat_ns" : {
          "min" : 7899,
          "max" : 497108,
          "mean" : 8908.633832,
          "stddev" : 2055.049143,
          "N" : 827136
        },
        "bw_min" : 421936,
        "bw_max" : 446352,
        "bw_agg" : 99.990413,
        "bw_mean" : 442099.428571,
        "bw_dev" : 7372.595052,
        "bw_samples" : 14,
        "iops_min" : 105484,
        "iops_max" : 111588,
        "iops_mean" : 110524.857143,
        "iops_stddev" : 1843.148763,
        "iops_samples" : 14
      },
      "write" : {
        "io_bytes" : 0,
        "io_kbytes" : 0,
        "bw_bytes" : 0,
        "bw" : 0,
        "iops" : 0.000000,
        "runtime" : 0,
        "total_ios" : 0,
        "short_ios" : 0,
        "drop_ios" : 0,
        "slat_ns" : {
          "min" : 0,
          "max" : 0,
          "mean" : 0.000000,
          "stddev" : 0.000000,
          "N" : 0
        },
        "clat_ns" : {
          "min" : 0,
          "max" : 0,
          "mean" : 0.000000,
          "stddev" : 0.000000,
          "N" : 0
        },
        "lat_ns" : {
          "min" : 0,
          "max" : 0,
          "mean" : 0.000000,
          "stddev" : 0.000000,
          "N" : 0
        },
        "bw_min" : 0,
        "bw_max" : 0,
        "bw_agg" : 0.000000,
        "bw_mean" : 0.000000,
        "bw_dev" : 0.000000,
        "bw_samples" : 0,
        "iops_min" : 0,
        "iops_max" : 0,
        "iops_mean" : 0.000000,
        "iops_stddev" : 0.000000,
        "iops_samples" : 0
      },
      "trim" : {
        "io_bytes" : 0,
        "io_kbytes" : 0,
        "bw_bytes" : 0,
        "bw" : 0,
        "iops" : 0.000000,
        "runtime" : 0,
        "total_ios" : 0,
        "short_ios" : 0,
        "drop_ios" : 0,
        "slat_ns" : {
          "min" : 0,
          "max" : 0,
          "mean" : 0.000000,
          "stddev" : 0.000000,
          "N" : 0
        },
        "clat_ns" : {
          "min" : 0,
          "max" : 0,
          "mean" : 0.000000,
          "stddev" : 0.000000,
          "N" : 0
        },
        "lat_ns" : {
          "min" : 0,
          "max" : 0,
          "mean" : 0.000000,
          "stddev" : 0.000000,
          "N" : 0
        },
        "bw_min" : 0,
        "bw_max" : 0,
        "bw_agg" : 0.000000,
        "bw_mean" : 0.000000,
        "bw_dev" : 0.000000,
        "bw_samples" : 0,
        "iops_min" : 0,
        "iops_max" : 0,
        "iops_mean" : 0.000000,
        "iops_stddev" : 0.000000,
        "iops_samples" : 0
      },
      "sync" : {
        "total_ios" : 0,
        "lat_ns" : {
          "min" : 0,
          "max" : 0,
          "mean" : 0.000000,
          "stddev" : 0.000000,
          "N" : 0
        }
      },
      "job_runtime" : 7482,
      "usr_cpu" : 2.632986,
      "sys_cpu" : 13.712911,
      "ctx" : 827138,
      "majf" : 0,
      "minf" : 14,
      "iodepth_level" : {
        "1" : 100.000000,
        "2" : 0.000000,
        "4" : 0.000000,
        "8" : 0.000000,
        "16" : 0.000000,
        "32" : 0.000000,
        ">=64" : 0.000000
      },
      "iodepth_submit" : {
        "0" : 0.000000,
        "4" : 100.000000,
        "8" : 0.000000,
        "16" : 0.000000,
        "32" : 0.000000,
        "64" : 0.000000,
        ">=64" : 0.000000
      },
      "iodepth_complete" : {
        "0" : 0.000000,
        "4" : 100.000000,
        "8" : 0.000000,
        "16" : 0.000000,
        "32" : 0.000000,
        "64" : 0.000000,
        ">=64" : 0.000000
      },
      "latency_ns" : {
        "2" : 0.000000,
        "4" : 0.000000,
        "10" : 0.000000,
        "20" : 0.000000,
        "50" : 0.000000,
        "100" : 0.000000,
        "250" : 0.000000,
        "500" : 0.000000,
        "750" : 0.000000,
        "1000" : 0.000000
      },
      "latency_us" : {
        "2" : 0.000000,
        "4" : 0.000000,
        "10" : 99.297697,
        "20" : 0.431247,
        "50" : 0.218223,
        "100" : 0.051987,
        "250" : 0.010000,
        "500" : 0.010000,
        "750" : 0.000000,
        "1000" : 0.000000
      },
      "latency_ms" : {
        "2" : 0.000000,
        "4" : 0.000000,
        "10" : 0.000000,
        "20" : 0.000000,
        "50" : 0.000000,
        "100" : 0.000000,
        "250" : 0.000000,
        "500" : 0.000000,
        "750" : 0.000000,
        "1000" : 0.000000,
        "2000" : 0.000000,
        ">=2000" : 0.000000
      },
      "latency_depth" : 1,
      "latency_target" : 0,
      "latency_percentile" : 100.000000,
      "latency_window" : 0
    }
  ],
  "disk_util" : [
    {
      "name" : "nvme0n2",
      "read_ios" : 817014,
      "write_ios" : 0,
      "read_sectors" : 6536112,
      "write_sectors" : 0,
      "read_merges" : 0,
      "write_merges" : 0,
      "read_ticks" : 6260,
      "write_ticks" : 0,
      "in_queue" : 6260,
      "util" : 98.744993
    }
  ]
}
