{
  "fio version" : "fio-3.36-103-gb140f",
  "timestamp" : 1711946349,
  "timestamp_ms" : 1711946349558,
  "time" : "Mon Apr  1 00:39:09 2024",
  "global options" : {
    "zonemode" : "zbd",
    "job_max_open_zones" : "1",
    "direct" : "1",
    "buffered" : "0",
    "group_reporting" : "1",
    "bs" : "4k",
    "filename" : "/dev/nvme0n2"
  },
  "jobs" : [
    {
      "jobname" : "read",
      "groupid" : 0,
      "job_start" : 1711946333916,
      "error" : 0,
      "eta" : 0,
      "elapsed" : 16,
      "job options" : {
        "numjobs" : "1",
        "ioengine" : "sync",
        "rw" : "read",
        "size" : "6z"
      },
      "read" : {
        "io_bytes" : 6775898112,
        "io_kbytes" : 6617088,
        "bw_bytes" : 434854197,
        "bw" : 424662,
        "iops" : 106165.575664,
        "runtime" : 15582,
        "total_ios" : 1654272,
        "short_ios" : 0,
        "drop_ios" : 0,
        "slat_ns" : {
          "min" : 0,
          "max" : 0,
          "mean" : 0.000000,
          "stddev" : 0.000000,
          "N" : 0
        },
        "clat_ns" : {
          "min" : 7790,
          "max" : 499337,
          "mean" : 9227.860401,
          "stddev" : 2206.944238,
          "N" : 1654272,
          "percentile" : {
            "1.000000" : 7968,
            "5.000000" : 8096,
            "10.000000" : 8256,
            "20.000000" : 8384,
            "30.000000" : 8640,
            "40.000000" : 9024,
            "50.000000" : 9280,
            "60.000000" : 9408,
            "70.000000" : 9536,
            "80.000000" : 9664,
            "90.000000" : 10176,
            "95.000000" : 10304,
            "99.000000" : 10816,
            "99.500000" : 12736,
            "99.900000" : 32384,
            "99.950000" : 71168,
            "99.990000" : 84480
          }
        },
        "lat_ns" : {
          "min" : 7804,
          "max" : 499373,
          "mean" : 9247.307650,
          "stddev" : 2209.012540,
          "N" : 1654272
        },
        "bw_min" : 379200,
        "bw_max" : 451144,
        "bw_agg" : 100.000000,
        "bw_mean" : 424815.483871,
        "bw_dev" : 19941.306403,
        "bw_samples" : 31,
        "iops_min" : 94800,
        "iops_max" : 112786,
        "iops_mean" : 106203.870968,
        "iops_stddev" : 4985.326601,
        "iops_samples" : 31
      },
      "write" : {
        "io_bytes" : 0,
        "io_kbytes" : 0,
        "bw_bytes" : 0,
        "bw" : 0,
        "iops" : 0.000000,
        "runtime" : 0,
        "total_ios" : 0,
        "short_ios" : 0,
        "drop_ios" : 0,
        "slat_ns" : {
          "min" : 0,
          "max" : 0,
          "mean" : 0.000000,
          "stddev" : 0.000000,
          "N" : 0
        },
        "clat_ns" : {
          "min" : 0,
          "max" : 0,
          "mean" : 0.000000,
          "stddev" : 0.000000,
          "N" : 0
        },
        "lat_ns" : {
          "min" : 0,
          "max" : 0,
          "mean" : 0.000000,
          "stddev" : 0.000000,
          "N" : 0
        },
        "bw_min" : 0,
        "bw_max" : 0,
        "bw_agg" : 0.000000,
        "bw_mean" : 0.000000,
        "bw_dev" : 0.000000,
        "bw_samples" : 0,
        "iops_min" : 0,
        "iops_max" : 0,
        "iops_mean" : 0.000000,
        "iops_stddev" : 0.000000,
        "iops_samples" : 0
      },
      "trim" : {
        "io_bytes" : 0,
        "io_kbytes" : 0,
        "bw_bytes" : 0,
        "bw" : 0,
        "iops" : 0.000000,
        "runtime" : 0,
        "total_ios" : 0,
        "short_ios" : 0,
        "drop_ios" : 0,
        "slat_ns" : {
          "min" : 0,
          "max" : 0,
          "mean" : 0.000000,
          "stddev" : 0.000000,
          "N" : 0
        },
        "clat_ns" : {
          "min" : 0,
          "max" : 0,
          "mean" : 0.000000,
          "stddev" : 0.000000,
          "N" : 0
        },
        "lat_ns" : {
          "min" : 0,
          "max" : 0,
          "mean" : 0.000000,
          "stddev" : 0.000000,
          "N" : 0
        },
        "bw_min" : 0,
        "bw_max" : 0,
        "bw_agg" : 0.000000,
        "bw_mean" : 0.000000,
        "bw_dev" : 0.000000,
        "bw_samples" : 0,
        "iops_min" : 0,
        "iops_max" : 0,
        "iops_mean" : 0.000000,
        "iops_stddev" : 0.000000,
        "iops_samples" : 0
      },
      "sync" : {
        "total_ios" : 0,
        "lat_ns" : {
          "min" : 0,
          "max" : 0,
          "mean" : 0.000000,
          "stddev" : 0.000000,
          "N" : 0
        }
      },
      "job_runtime" : 15581,
      "usr_cpu" : 4.255183,
      "sys_cpu" : 14.780823,
      "ctx" : 1654279,
      "majf" : 0,
      "minf" : 14,
      "iodepth_level" : {
        "1" : 100.000000,
        "2" : 0.000000,
        "4" : 0.000000,
        "8" : 0.000000,
        "16" : 0.000000,
        "32" : 0.000000,
        ">=64" : 0.000000
      },
      "iodepth_submit" : {
        "0" : 0.000000,
        "4" : 100.000000,
        "8" : 0.000000,
        "16" : 0.000000,
        "32" : 0.000000,
        "64" : 0.000000,
        ">=64" : 0.000000
      },
      "iodepth_complete" : {
        "0" : 0.000000,
        "4" : 100.000000,
        "8" : 0.000000,
        "16" : 0.000000,
        "32" : 0.000000,
        "64" : 0.000000,
        ">=64" : 0.000000
      },
      "latency_ns" : {
        "2" : 0.000000,
        "4" : 0.000000,
        "10" : 0.000000,
        "20" : 0.000000,
        "50" : 0.000000,
        "100" : 0.000000,
        "250" : 0.000000,
        "500" : 0.000000,
        "750" : 0.000000,
        "1000" : 0.000000
      },
      "latency_us" : {
        "2" : 0.000000,
        "4" : 0.000000,
        "10" : 88.876315,
        "20" : 10.762559,
        "50" : 0.304847,
        "100" : 0.055009,
        "250" : 0.010000,
        "500" : 0.010000,
        "750" : 0.000000,
        "1000" : 0.000000
      },
      "latency_ms" : {
        "2" : 0.000000,
        "4" : 0.000000,
        "10" : 0.000000,
        "20" : 0.000000,
        "50" : 0.000000,
        "100" : 0.000000,
        "250" : 0.000000,
        "500" : 0.000000,
        "750" : 0.000000,
        "1000" : 0.000000,
        "2000" : 0.000000,
        ">=2000" : 0.000000
      },
      "latency_depth" : 1,
      "latency_target" : 0,
      "latency_percentile" : 100.000000,
      "latency_window" : 0
    }
  ],
  "disk_util" : [
    {
      "name" : "nvme0n2",
      "read_ios" : 1633784,
      "write_ios" : 0,
      "read_sectors" : 13070272,
      "write_sectors" : 0,
      "read_merges" : 0,
      "write_merges" : 0,
      "read_ticks" : 12624,
      "write_ticks" : 0,
      "in_queue" : 12624,
      "util" : 99.418830
    }
  ]
}
