{
  "fio version" : "fio-3.36-103-gb140f",
  "timestamp" : 1712033916,
  "timestamp_ms" : 1712033916217,
  "time" : "Tue Apr  2 00:58:36 2024",
  "global options" : {
    "iodepth" : "8",
    "numjobs" : "1",
    "zonemode" : "zbd",
    "job_max_open_zones" : "1",
    "direct" : "1",
    "buffered" : "0",
    "group_reporting" : "1",
    "bs" : "4k",
    "filename" : "/dev/nvme0n2"
  },
  "jobs" : [
    {
      "jobname" : "write",
      "groupid" : 0,
      "job_start" : 1712033911079,
      "error" : 0,
      "eta" : 0,
      "elapsed" : 6,
      "job options" : {
        "ioscheduler" : "mq-deadline",
        "ioengine" : "io_uring",
        "rw" : "read",
        "size" : "1z",
        "sqthread_poll" : "1"
      },
      "read" : {
        "io_bytes" : 1129316352,
        "io_kbytes" : 1102848,
        "bw_bytes" : 224337773,
        "bw" : 219079,
        "iops" : 54769.964243,
        "runtime" : 5034,
        "total_ios" : 275712,
        "short_ios" : 0,
        "drop_ios" : 0,
        "slat_ns" : {
          "min" : 0,
          "max" : 0,
          "mean" : 0.000000,
          "stddev" : 0.000000,
          "N" : 0
        },
        "clat_ns" : {
          "min" : 25812,
          "max" : 6406866,
          "mean" : 145852.805007,
          "stddev" : 82228.771201,
          "N" : 275712,
          "percentile" : {
            "1.000000" : 70144,
            "5.000000" : 71168,
            "10.000000" : 72192,
            "20.000000" : 75264,
            "30.000000" : 91648,
            "40.000000" : 107008,
            "50.000000" : 124416,
            "60.000000" : 171008,
            "70.000000" : 199680,
            "80.000000" : 224256,
            "90.000000" : 236544,
            "95.000000" : 238592,
            "99.000000" : 238592,
            "99.500000" : 240640,
            "99.900000" : 242688,
            "99.950000" : 276480,
            "99.990000" : 4014080
          }
        },
        "lat_ns" : {
          "min" : 25868,
          "max" : 6406919,
          "mean" : 145906.061662,
          "stddev" : 82228.924752,
          "N" : 275712
        },
        "bw_min" : 213184,
        "bw_max" : 221168,
        "bw_agg" : 100.000000,
        "bw_mean" : 219134.400000,
        "bw_dev" : 2231.013083,
        "bw_samples" : 10,
        "iops_min" : 53296,
        "iops_max" : 55292,
        "iops_mean" : 54783.600000,
        "iops_stddev" : 557.753271,
        "iops_samples" : 10
      },
      "write" : {
        "io_bytes" : 0,
        "io_kbytes" : 0,
        "bw_bytes" : 0,
        "bw" : 0,
        "iops" : 0.000000,
        "runtime" : 0,
        "total_ios" : 0,
        "short_ios" : 0,
        "drop_ios" : 0,
        "slat_ns" : {
          "min" : 0,
          "max" : 0,
          "mean" : 0.000000,
          "stddev" : 0.000000,
          "N" : 0
        },
        "clat_ns" : {
          "min" : 0,
          "max" : 0,
          "mean" : 0.000000,
          "stddev" : 0.000000,
          "N" : 0
        },
        "lat_ns" : {
          "min" : 0,
          "max" : 0,
          "mean" : 0.000000,
          "stddev" : 0.000000,
          "N" : 0
        },
        "bw_min" : 0,
        "bw_max" : 0,
        "bw_agg" : 0.000000,
        "bw_mean" : 0.000000,
        "bw_dev" : 0.000000,
        "bw_samples" : 0,
        "iops_min" : 0,
        "iops_max" : 0,
        "iops_mean" : 0.000000,
        "iops_stddev" : 0.000000,
        "iops_samples" : 0
      },
      "trim" : {
        "io_bytes" : 0,
        "io_kbytes" : 0,
        "bw_bytes" : 0,
        "bw" : 0,
        "iops" : 0.000000,
        "runtime" : 0,
        "total_ios" : 0,
        "short_ios" : 0,
        "drop_ios" : 0,
        "slat_ns" : {
          "min" : 0,
          "max" : 0,
          "mean" : 0.000000,
          "stddev" : 0.000000,
          "N" : 0
        },
        "clat_ns" : {
          "min" : 0,
          "max" : 0,
          "mean" : 0.000000,
          "stddev" : 0.000000,
          "N" : 0
        },
        "lat_ns" : {
          "min" : 0,
          "max" : 0,
          "mean" : 0.000000,
          "stddev" : 0.000000,
          "N" : 0
        },
        "bw_min" : 0,
        "bw_max" : 0,
        "bw_agg" : 0.000000,
        "bw_mean" : 0.000000,
        "bw_dev" : 0.000000,
        "bw_samples" : 0,
        "iops_min" : 0,
        "iops_max" : 0,
        "iops_mean" : 0.000000,
        "iops_stddev" : 0.000000,
        "iops_samples" : 0
      },
      "sync" : {
        "total_ios" : 0,
        "lat_ns" : {
          "min" : 0,
          "max" : 0,
          "mean" : 0.000000,
          "stddev" : 0.000000,
          "N" : 0
        }
      },
      "job_runtime" : 5033,
      "usr_cpu" : 99.642360,
      "sys_cpu" : 0.000000,
      "ctx" : 9,
      "majf" : 0,
      "minf" : 7,
      "iodepth_level" : {
        "1" : 0.100000,
        "2" : 0.100000,
        "4" : 0.100000,
        "8" : 99.997461,
        "16" : 0.000000,
        "32" : 0.000000,
        ">=64" : 0.000000
      },
      "iodepth_submit" : {
        "0" : 0.000000,
        "4" : 100.000000,
        "8" : 0.000000,
        "16" : 0.000000,
        "32" : 0.000000,
        "64" : 0.000000,
        ">=64" : 0.000000
      },
      "iodepth_complete" : {
        "0" : 0.000000,
        "4" : 99.999637,
        "8" : 0.100000,
        "16" : 0.000000,
        "32" : 0.000000,
        "64" : 0.000000,
        ">=64" : 0.000000
      },
      "latency_ns" : {
        "2" : 0.000000,
        "4" : 0.000000,
        "10" : 0.000000,
        "20" : 0.000000,
        "50" : 0.000000,
        "100" : 0.000000,
        "250" : 0.000000,
        "500" : 0.000000,
        "750" : 0.000000,
        "1000" : 0.000000
      },
      "latency_us" : {
        "2" : 0.000000,
        "4" : 0.000000,
        "10" : 0.000000,
        "20" : 0.000000,
        "50" : 0.017047,
        "100" : 33.018149,
        "250" : 66.906772,
        "500" : 0.041710,
        "750" : 0.010000,
        "1000" : 0.000000
      },
      "latency_ms" : {
        "2" : 0.000000,
        "4" : 0.010000,
        "10" : 0.011244,
        "20" : 0.000000,
        "50" : 0.000000,
        "100" : 0.000000,
        "250" : 0.000000,
        "500" : 0.000000,
        "750" : 0.000000,
        "1000" : 0.000000,
        "2000" : 0.000000,
        ">=2000" : 0.000000
      },
      "latency_depth" : 8,
      "latency_target" : 0,
      "latency_percentile" : 100.000000,
      "latency_window" : 0
    }
  ],
  "disk_util" : [
    {
      "name" : "nvme0n2",
      "read_ios" : 733935,
      "write_ios" : 0,
      "read_sectors" : 5882432,
      "write_sectors" : 0,
      "read_merges" : 1369,
      "write_merges" : 0,
      "read_ticks" : 42486,
      "write_ticks" : 0,
      "in_queue" : 42486,
      "util" : 100.000000
    }
  ]
}
