{
  "fio version" : "fio-3.36-103-gb140f",
  "timestamp" : 1711946387,
  "timestamp_ms" : 1711946387860,
  "time" : "Mon Apr  1 00:39:47 2024",
  "global options" : {
    "zonemode" : "zbd",
    "job_max_open_zones" : "1",
    "direct" : "1",
    "buffered" : "0",
    "group_reporting" : "1",
    "bs" : "4k",
    "filename" : "/dev/nvme0n2"
  },
  "jobs" : [
    {
      "jobname" : "read",
      "groupid" : 0,
      "job_start" : 1711946367967,
      "error" : 0,
      "eta" : 0,
      "elapsed" : 20,
      "job options" : {
        "numjobs" : "1",
        "ioengine" : "sync",
        "rw" : "read",
        "size" : "8z"
      },
      "read" : {
        "io_bytes" : 9034530816,
        "io_kbytes" : 8822784,
        "bw_bytes" : 455300650,
        "bw" : 444629,
        "iops" : 111157.385476,
        "runtime" : 19843,
        "total_ios" : 2205696,
        "short_ios" : 0,
        "drop_ios" : 0,
        "slat_ns" : {
          "min" : 0,
          "max" : 0,
          "mean" : 0.000000,
          "stddev" : 0.000000,
          "N" : 0
        },
        "clat_ns" : {
          "min" : 7809,
          "max" : 499407,
          "mean" : 8846.417208,
          "stddev" : 2043.854284,
          "N" : 2205696,
          "percentile" : {
            "1.000000" : 7968,
            "5.000000" : 8032,
            "10.000000" : 8096,
            "20.000000" : 8256,
            "30.000000" : 8256,
            "40.000000" : 8384,
            "50.000000" : 9024,
            "60.000000" : 9152,
            "70.000000" : 9152,
            "80.000000" : 9280,
            "90.000000" : 9408,
            "95.000000" : 9536,
            "99.000000" : 10304,
            "99.500000" : 10688,
            "99.900000" : 31360,
            "99.950000" : 70144,
            "99.990000" : 83456
          }
        },
        "lat_ns" : {
          "min" : 7821,
          "max" : 499422,
          "mean" : 8860.684598,
          "stddev" : 2044.744308,
          "N" : 2205696
        },
        "bw_min" : 420024,
        "bw_max" : 452032,
        "bw_agg" : 100.000000,
        "bw_mean" : 444794.256410,
        "bw_dev" : 8034.777660,
        "bw_samples" : 39,
        "iops_min" : 105006,
        "iops_max" : 113008,
        "iops_mean" : 111198.564103,
        "iops_stddev" : 2008.694415,
        "iops_samples" : 39
      },
      "write" : {
        "io_bytes" : 0,
        "io_kbytes" : 0,
        "bw_bytes" : 0,
        "bw" : 0,
        "iops" : 0.000000,
        "runtime" : 0,
        "total_ios" : 0,
        "short_ios" : 0,
        "drop_ios" : 0,
        "slat_ns" : {
          "min" : 0,
          "max" : 0,
          "mean" : 0.000000,
          "stddev" : 0.000000,
          "N" : 0
        },
        "clat_ns" : {
          "min" : 0,
          "max" : 0,
          "mean" : 0.000000,
          "stddev" : 0.000000,
          "N" : 0
        },
        "lat_ns" : {
          "min" : 0,
          "max" : 0,
          "mean" : 0.000000,
          "stddev" : 0.000000,
          "N" : 0
        },
        "bw_min" : 0,
        "bw_max" : 0,
        "bw_agg" : 0.000000,
        "bw_mean" : 0.000000,
        "bw_dev" : 0.000000,
        "bw_samples" : 0,
        "iops_min" : 0,
        "iops_max" : 0,
        "iops_mean" : 0.000000,
        "iops_stddev" : 0.000000,
        "iops_samples" : 0
      },
      "trim" : {
        "io_bytes" : 0,
        "io_kbytes" : 0,
        "bw_bytes" : 0,
        "bw" : 0,
        "iops" : 0.000000,
        "runtime" : 0,
        "total_ios" : 0,
        "short_ios" : 0,
        "drop_ios" : 0,
        "slat_ns" : {
          "min" : 0,
          "max" : 0,
          "mean" : 0.000000,
          "stddev" : 0.000000,
          "N" : 0
        },
        "clat_ns" : {
          "min" : 0,
          "max" : 0,
          "mean" : 0.000000,
          "stddev" : 0.000000,
          "N" : 0
        },
        "lat_ns" : {
          "min" : 0,
          "max" : 0,
          "mean" : 0.000000,
          "stddev" : 0.000000,
          "N" : 0
        },
        "bw_min" : 0,
        "bw_max" : 0,
        "bw_agg" : 0.000000,
        "bw_mean" : 0.000000,
        "bw_dev" : 0.000000,
        "bw_samples" : 0,
        "iops_min" : 0,
        "iops_max" : 0,
        "iops_mean" : 0.000000,
        "iops_stddev" : 0.000000,
        "iops_samples" : 0
      },
      "sync" : {
        "total_ios" : 0,
        "lat_ns" : {
          "min" : 0,
          "max" : 0,
          "mean" : 0.000000,
          "stddev" : 0.000000,
          "N" : 0
        }
      },
      "job_runtime" : 19842,
      "usr_cpu" : 3.532910,
      "sys_cpu" : 12.397944,
      "ctx" : 2205708,
      "majf" : 0,
      "minf" : 12,
      "iodepth_level" : {
        "1" : 100.000000,
        "2" : 0.000000,
        "4" : 0.000000,
        "8" : 0.000000,
        "16" : 0.000000,
        "32" : 0.000000,
        ">=64" : 0.000000
      },
      "iodepth_submit" : {
        "0" : 0.000000,
        "4" : 100.000000,
        "8" : 0.000000,
        "16" : 0.000000,
        "32" : 0.000000,
        "64" : 0.000000,
        ">=64" : 0.000000
      },
      "iodepth_complete" : {
        "0" : 0.000000,
        "4" : 100.000000,
        "8" : 0.000000,
        "16" : 0.000000,
        "32" : 0.000000,
        "64" : 0.000000,
        ">=64" : 0.000000
      },
      "latency_ns" : {
        "2" : 0.000000,
        "4" : 0.000000,
        "10" : 0.000000,
        "20" : 0.000000,
        "50" : 0.000000,
        "100" : 0.000000,
        "250" : 0.000000,
        "500" : 0.000000,
        "750" : 0.000000,
        "1000" : 0.000000
      },
      "latency_us" : {
        "2" : 0.000000,
        "4" : 0.000000,
        "10" : 98.805456,
        "20" : 0.921705,
        "50" : 0.218661,
        "100" : 0.052954,
        "250" : 0.010000,
        "500" : 0.010000,
        "750" : 0.000000,
        "1000" : 0.000000
      },
      "latency_ms" : {
        "2" : 0.000000,
        "4" : 0.000000,
        "10" : 0.000000,
        "20" : 0.000000,
        "50" : 0.000000,
        "100" : 0.000000,
        "250" : 0.000000,
        "500" : 0.000000,
        "750" : 0.000000,
        "1000" : 0.000000,
        "2000" : 0.000000,
        ">=2000" : 0.000000
      },
      "latency_depth" : 1,
      "latency_target" : 0,
      "latency_percentile" : 100.000000,
      "latency_window" : 0
    }
  ],
  "disk_util" : [
    {
      "name" : "nvme0n2",
      "read_ios" : 2183339,
      "write_ios" : 0,
      "read_sectors" : 17466712,
      "write_sectors" : 0,
      "read_merges" : 0,
      "write_merges" : 0,
      "read_ticks" : 16702,
      "write_ticks" : 0,
      "in_queue" : 16703,
      "util" : 99.559159
    }
  ]
}
