{
  "fio version" : "fio-3.36-103-gb140f",
  "timestamp" : 1711941960,
  "timestamp_ms" : 1711941960039,
  "time" : "Sun Mar 31 23:26:00 2024",
  "global options" : {
    "numjobs" : "13",
    "zonemode" : "zbd",
    "job_max_open_zones" : "1",
    "direct" : "1",
    "buffered" : "0",
    "group_reporting" : "1",
    "bs" : "4k",
    "filename" : "/dev/nvme0n2"
  },
  "jobs" : [
    {
      "jobname" : "read",
      "groupid" : 0,
      "job_start" : 1711941940899,
      "error" : 0,
      "eta" : 0,
      "elapsed" : 20,
      "job options" : {
        "ioengine" : "sync",
        "rw" : "read",
        "size" : "1z",
        "offset_increment" : "1z"
      },
      "read" : {
        "io_bytes" : 14681112576,
        "io_kbytes" : 14337024,
        "bw_bytes" : 772243047,
        "bw" : 754143,
        "iops" : 188535.900268,
        "runtime" : 19011,
        "total_ios" : 3584256,
        "short_ios" : 0,
        "drop_ios" : 0,
        "slat_ns" : {
          "min" : 0,
          "max" : 0,
          "mean" : 0.000000,
          "stddev" : 0.000000,
          "N" : 0
        },
        "clat_ns" : {
          "min" : 24342,
          "max" : 579245,
          "mean" : 67378.090939,
          "stddev" : 46044.924933,
          "N" : 3584256,
          "percentile" : {
            "1.000000" : 27264,
            "5.000000" : 31872,
            "10.000000" : 32384,
            "20.000000" : 33536,
            "30.000000" : 35072,
            "40.000000" : 38656,
            "50.000000" : 41216,
            "60.000000" : 71168,
            "70.000000" : 84480,
            "80.000000" : 99840,
            "90.000000" : 125440,
            "95.000000" : 152576,
            "99.000000" : 234496,
            "99.500000" : 261120,
            "99.900000" : 337920,
            "99.950000" : 362496,
            "99.990000" : 415744
          }
        },
        "lat_ns" : {
          "min" : 24357,
          "max" : 579320,
          "mean" : 67483.224395,
          "stddev" : 46049.332682,
          "N" : 3584256
        },
        "bw_min" : 694672,
        "bw_max" : 831784,
        "bw_agg" : 100.000000,
        "bw_mean" : 760905.513514,
        "bw_dev" : 2386.362565,
        "bw_samples" : 481,
        "iops_min" : 173668,
        "iops_max" : 207946,
        "iops_mean" : 190226.432432,
        "iops_stddev" : 596.589291,
        "iops_samples" : 481
      },
      "write" : {
        "io_bytes" : 0,
        "io_kbytes" : 0,
        "bw_bytes" : 0,
        "bw" : 0,
        "iops" : 0.000000,
        "runtime" : 0,
        "total_ios" : 0,
        "short_ios" : 0,
        "drop_ios" : 0,
        "slat_ns" : {
          "min" : 0,
          "max" : 0,
          "mean" : 0.000000,
          "stddev" : 0.000000,
          "N" : 0
        },
        "clat_ns" : {
          "min" : 0,
          "max" : 0,
          "mean" : 0.000000,
          "stddev" : 0.000000,
          "N" : 0
        },
        "lat_ns" : {
          "min" : 0,
          "max" : 0,
          "mean" : 0.000000,
          "stddev" : 0.000000,
          "N" : 0
        },
        "bw_min" : 0,
        "bw_max" : 0,
        "bw_agg" : 0.000000,
        "bw_mean" : 0.000000,
        "bw_dev" : 0.000000,
        "bw_samples" : 0,
        "iops_min" : 0,
        "iops_max" : 0,
        "iops_mean" : 0.000000,
        "iops_stddev" : 0.000000,
        "iops_samples" : 0
      },
      "trim" : {
        "io_bytes" : 0,
        "io_kbytes" : 0,
        "bw_bytes" : 0,
        "bw" : 0,
        "iops" : 0.000000,
        "runtime" : 0,
        "total_ios" : 0,
        "short_ios" : 0,
        "drop_ios" : 0,
        "slat_ns" : {
          "min" : 0,
          "max" : 0,
          "mean" : 0.000000,
          "stddev" : 0.000000,
          "N" : 0
        },
        "clat_ns" : {
          "min" : 0,
          "max" : 0,
          "mean" : 0.000000,
          "stddev" : 0.000000,
          "N" : 0
        },
        "lat_ns" : {
          "min" : 0,
          "max" : 0,
          "mean" : 0.000000,
          "stddev" : 0.000000,
          "N" : 0
        },
        "bw_min" : 0,
        "bw_max" : 0,
        "bw_agg" : 0.000000,
        "bw_mean" : 0.000000,
        "bw_dev" : 0.000000,
        "bw_samples" : 0,
        "iops_min" : 0,
        "iops_max" : 0,
        "iops_mean" : 0.000000,
        "iops_stddev" : 0.000000,
        "iops_samples" : 0
      },
      "sync" : {
        "total_ios" : 0,
        "lat_ns" : {
          "min" : 0,
          "max" : 0,
          "mean" : 0.000000,
          "stddev" : 0.000000,
          "N" : 0
        }
      },
      "job_runtime" : 244958,
      "usr_cpu" : 3.322610,
      "sys_cpu" : 10.220528,
      "ctx" : 3589898,
      "majf" : 0,
      "minf" : 182,
      "iodepth_level" : {
        "1" : 100.000000,
        "2" : 0.000000,
        "4" : 0.000000,
        "8" : 0.000000,
        "16" : 0.000000,
        "32" : 0.000000,
        ">=64" : 0.000000
      },
      "iodepth_submit" : {
        "0" : 0.000000,
        "4" : 100.000000,
        "8" : 0.000000,
        "16" : 0.000000,
        "32" : 0.000000,
        "64" : 0.000000,
        ">=64" : 0.000000
      },
      "iodepth_complete" : {
        "0" : 0.000000,
        "4" : 100.000000,
        "8" : 0.000000,
        "16" : 0.000000,
        "32" : 0.000000,
        "64" : 0.000000,
        ">=64" : 0.000000
      },
      "latency_ns" : {
        "2" : 0.000000,
        "4" : 0.000000,
        "10" : 0.000000,
        "20" : 0.000000,
        "50" : 0.000000,
        "100" : 0.000000,
        "250" : 0.000000,
        "500" : 0.000000,
        "750" : 0.000000,
        "1000" : 0.000000
      },
      "latency_us" : {
        "2" : 0.000000,
        "4" : 0.000000,
        "10" : 0.000000,
        "20" : 0.000000,
        "50" : 58.468452,
        "100" : 21.775398,
        "250" : 19.109015,
        "500" : 0.647024,
        "750" : 0.010000,
        "1000" : 0.000000
      },
      "latency_ms" : {
        "2" : 0.000000,
        "4" : 0.000000,
        "10" : 0.000000,
        "20" : 0.000000,
        "50" : 0.000000,
        "100" : 0.000000,
        "250" : 0.000000,
        "500" : 0.000000,
        "750" : 0.000000,
        "1000" : 0.000000,
        "2000" : 0.000000,
        ">=2000" : 0.000000
      },
      "latency_depth" : 1,
      "latency_target" : 0,
      "latency_percentile" : 100.000000,
      "latency_window" : 0
    }
  ],
  "disk_util" : [
    {
      "name" : "nvme0n2",
      "read_ios" : 3579254,
      "write_ios" : 0,
      "read_sectors" : 28634032,
      "write_sectors" : 0,
      "read_merges" : 0,
      "write_merges" : 0,
      "read_ticks" : 212659,
      "write_ticks" : 0,
      "in_queue" : 212659,
      "util" : 99.552184
    }
  ]
}
