{
  "fio version" : "fio-3.36-103-gb140f",
  "timestamp" : 1712034151,
  "timestamp_ms" : 1712034151427,
  "time" : "Tue Apr  2 01:02:31 2024",
  "global options" : {
    "iodepth" : "1",
    "numjobs" : "1",
    "zonemode" : "zbd",
    "job_max_open_zones" : "1",
    "direct" : "1",
    "buffered" : "0",
    "group_reporting" : "1",
    "bs" : "4k",
    "filename" : "/dev/nvme0n2"
  },
  "jobs" : [
    {
      "jobname" : "write",
      "groupid" : 0,
      "job_start" : 1712034132782,
      "error" : 0,
      "eta" : 0,
      "elapsed" : 19,
      "job options" : {
        "ioscheduler" : "mq-deadline",
        "ioengine" : "io_uring",
        "rw" : "read",
        "size" : "1z"
      },
      "read" : {
        "io_bytes" : 1129316352,
        "io_kbytes" : 1102848,
        "bw_bytes" : 60774747,
        "bw" : 59350,
        "iops" : 14837.584759,
        "runtime" : 18582,
        "total_ios" : 275712,
        "short_ios" : 0,
        "drop_ios" : 0,
        "slat_ns" : {
          "min" : 612,
          "max" : 4434558,
          "mean" : 1825.882297,
          "stddev" : 8485.586008,
          "N" : 275712
        },
        "clat_ns" : {
          "min" : 1308,
          "max" : 14406603,
          "mean" : 65049.765781,
          "stddev" : 302394.531716,
          "N" : 275712,
          "percentile" : {
            "1.000000" : 24448,
            "5.000000" : 25472,
            "10.000000" : 25984,
            "20.000000" : 26496,
            "30.000000" : 27264,
            "40.000000" : 27776,
            "50.000000" : 28032,
            "60.000000" : 28544,
            "70.000000" : 29568,
            "80.000000" : 72192,
            "90.000000" : 76288,
            "95.000000" : 84480,
            "99.000000" : 618496,
            "99.500000" : 1875968,
            "99.900000" : 4489216,
            "99.950000" : 5865472,
            "99.990000" : 8585216
          }
        },
        "lat_ns" : {
          "min" : 25184,
          "max" : 14410356,
          "mean" : 66875.648078,
          "stddev" : 302693.257350,
          "N" : 275712
        },
        "bw_min" : 50832,
        "bw_max" : 68296,
        "bw_agg" : 100.000000,
        "bw_mean" : 59411.675676,
        "bw_dev" : 4961.082174,
        "bw_samples" : 37,
        "iops_min" : 12708,
        "iops_max" : 17074,
        "iops_mean" : 14852.918919,
        "iops_stddev" : 1240.270543,
        "iops_samples" : 37
      },
      "write" : {
        "io_bytes" : 0,
        "io_kbytes" : 0,
        "bw_bytes" : 0,
        "bw" : 0,
        "iops" : 0.000000,
        "runtime" : 0,
        "total_ios" : 0,
        "short_ios" : 0,
        "drop_ios" : 0,
        "slat_ns" : {
          "min" : 0,
          "max" : 0,
          "mean" : 0.000000,
          "stddev" : 0.000000,
          "N" : 0
        },
        "clat_ns" : {
          "min" : 0,
          "max" : 0,
          "mean" : 0.000000,
          "stddev" : 0.000000,
          "N" : 0
        },
        "lat_ns" : {
          "min" : 0,
          "max" : 0,
          "mean" : 0.000000,
          "stddev" : 0.000000,
          "N" : 0
        },
        "bw_min" : 0,
        "bw_max" : 0,
        "bw_agg" : 0.000000,
        "bw_mean" : 0.000000,
        "bw_dev" : 0.000000,
        "bw_samples" : 0,
        "iops_min" : 0,
        "iops_max" : 0,
        "iops_mean" : 0.000000,
        "iops_stddev" : 0.000000,
        "iops_samples" : 0
      },
      "trim" : {
        "io_bytes" : 0,
        "io_kbytes" : 0,
        "bw_bytes" : 0,
        "bw" : 0,
        "iops" : 0.000000,
        "runtime" : 0,
        "total_ios" : 0,
        "short_ios" : 0,
        "drop_ios" : 0,
        "slat_ns" : {
          "min" : 0,
          "max" : 0,
          "mean" : 0.000000,
          "stddev" : 0.000000,
          "N" : 0
        },
        "clat_ns" : {
          "min" : 0,
          "max" : 0,
          "mean" : 0.000000,
          "stddev" : 0.000000,
          "N" : 0
        },
        "lat_ns" : {
          "min" : 0,
          "max" : 0,
          "mean" : 0.000000,
          "stddev" : 0.000000,
          "N" : 0
        },
        "bw_min" : 0,
        "bw_max" : 0,
        "bw_agg" : 0.000000,
        "bw_mean" : 0.000000,
        "bw_dev" : 0.000000,
        "bw_samples" : 0,
        "iops_min" : 0,
        "iops_max" : 0,
        "iops_mean" : 0.000000,
        "iops_stddev" : 0.000000,
        "iops_samples" : 0
      },
      "sync" : {
        "total_ios" : 0,
        "lat_ns" : {
          "min" : 0,
          "max" : 0,
          "mean" : 0.000000,
          "stddev" : 0.000000,
          "N" : 0
        }
      },
      "job_runtime" : 18581,
      "usr_cpu" : 2.018191,
      "sys_cpu" : 4.515365,
      "ctx" : 291668,
      "majf" : 0,
      "minf" : 9,
      "iodepth_level" : {
        "1" : 100.000000,
        "2" : 0.000000,
        "4" : 0.000000,
        "8" : 0.000000,
        "16" : 0.000000,
        "32" : 0.000000,
        ">=64" : 0.000000
      },
      "iodepth_submit" : {
        "0" : 0.000000,
        "4" : 100.000000,
        "8" : 0.000000,
        "16" : 0.000000,
        "32" : 0.000000,
        "64" : 0.000000,
        ">=64" : 0.000000
      },
      "iodepth_complete" : {
        "0" : 0.000000,
        "4" : 100.000000,
        "8" : 0.000000,
        "16" : 0.000000,
        "32" : 0.000000,
        "64" : 0.000000,
        ">=64" : 0.000000
      },
      "latency_ns" : {
        "2" : 0.000000,
        "4" : 0.000000,
        "10" : 0.000000,
        "20" : 0.000000,
        "50" : 0.000000,
        "100" : 0.000000,
        "250" : 0.000000,
        "500" : 0.000000,
        "750" : 0.000000,
        "1000" : 0.000000
      },
      "latency_us" : {
        "2" : 0.010000,
        "4" : 0.000000,
        "10" : 0.000000,
        "20" : 0.010000,
        "50" : 73.798021,
        "100" : 24.812485,
        "250" : 0.213266,
        "500" : 0.088498,
        "750" : 0.177722,
        "1000" : 0.147255
      },
      "latency_ms" : {
        "2" : 0.279640,
        "4" : 0.298863,
        "10" : 0.178084,
        "20" : 0.010000,
        "50" : 0.000000,
        "100" : 0.000000,
        "250" : 0.000000,
        "500" : 0.000000,
        "750" : 0.000000,
        "1000" : 0.000000,
        "2000" : 0.000000,
        ">=2000" : 0.000000
      },
      "latency_depth" : 1,
      "latency_target" : 0,
      "latency_percentile" : 100.000000,
      "latency_window" : 0
    }
  ],
  "disk_util" : [
    {
      "name" : "nvme0n2",
      "read_ios" : 1958554,
      "write_ios" : 0,
      "read_sectors" : 15668432,
      "write_sectors" : 0,
      "read_merges" : 0,
      "write_merges" : 0,
      "read_ticks" : 26273,
      "write_ticks" : 0,
      "in_queue" : 26272,
      "util" : 99.908053
    }
  ]
}
