{
  "fio version" : "fio-3.36-103-gb140f",
  "timestamp" : 1711942072,
  "timestamp_ms" : 1711942072535,
  "time" : "Sun Mar 31 23:27:52 2024",
  "global options" : {
    "numjobs" : "9",
    "zonemode" : "zbd",
    "job_max_open_zones" : "1",
    "direct" : "1",
    "buffered" : "0",
    "group_reporting" : "1",
    "bs" : "8k",
    "filename" : "/dev/nvme0n2"
  },
  "jobs" : [
    {
      "jobname" : "read",
      "groupid" : 0,
      "job_start" : 1711942060144,
      "error" : 0,
      "eta" : 0,
      "elapsed" : 13,
      "job options" : {
        "ioengine" : "sync",
        "rw" : "read",
        "size" : "1z",
        "offset_increment" : "1z"
      },
      "read" : {
        "io_bytes" : 10163847168,
        "io_kbytes" : 9925632,
        "bw_bytes" : 836186521,
        "bw" : 816588,
        "iops" : 102073.549979,
        "runtime" : 12155,
        "total_ios" : 1240704,
        "short_ios" : 0,
        "drop_ios" : 0,
        "slat_ns" : {
          "min" : 0,
          "max" : 0,
          "mean" : 0.000000,
          "stddev" : 0.000000,
          "N" : 0
        },
        "clat_ns" : {
          "min" : 33605,
          "max" : 539074,
          "mean" : 86715.966657,
          "stddev" : 42456.378375,
          "N" : 1240704,
          "percentile" : {
            "1.000000" : 40704,
            "5.000000" : 41216,
            "10.000000" : 42240,
            "20.000000" : 43776,
            "30.000000" : 49408,
            "40.000000" : 62720,
            "50.000000" : 90624,
            "60.000000" : 96768,
            "70.000000" : 102912,
            "80.000000" : 111104,
            "90.000000" : 140288,
            "95.000000" : 156672,
            "99.000000" : 222208,
            "99.500000" : 248832,
            "99.900000" : 313344,
            "99.950000" : 346112,
            "99.990000" : 382976
          }
        },
        "lat_ns" : {
          "min" : 33619,
          "max" : 539169,
          "mean" : 86817.672088,
          "stddev" : 42460.157277,
          "N" : 1240704
        },
        "bw_min" : 768688,
        "bw_max" : 856896,
        "bw_agg" : 100.000000,
        "bw_mean" : 821540.000000,
        "bw_dev" : 2489.946087,
        "bw_samples" : 216,
        "iops_min" : 96086,
        "iops_max" : 107112,
        "iops_mean" : 102692.500000,
        "iops_stddev" : 311.243261,
        "iops_samples" : 216
      },
      "write" : {
        "io_bytes" : 0,
        "io_kbytes" : 0,
        "bw_bytes" : 0,
        "bw" : 0,
        "iops" : 0.000000,
        "runtime" : 0,
        "total_ios" : 0,
        "short_ios" : 0,
        "drop_ios" : 0,
        "slat_ns" : {
          "min" : 0,
          "max" : 0,
          "mean" : 0.000000,
          "stddev" : 0.000000,
          "N" : 0
        },
        "clat_ns" : {
          "min" : 0,
          "max" : 0,
          "mean" : 0.000000,
          "stddev" : 0.000000,
          "N" : 0
        },
        "lat_ns" : {
          "min" : 0,
          "max" : 0,
          "mean" : 0.000000,
          "stddev" : 0.000000,
          "N" : 0
        },
        "bw_min" : 0,
        "bw_max" : 0,
        "bw_agg" : 0.000000,
        "bw_mean" : 0.000000,
        "bw_dev" : 0.000000,
        "bw_samples" : 0,
        "iops_min" : 0,
        "iops_max" : 0,
        "iops_mean" : 0.000000,
        "iops_stddev" : 0.000000,
        "iops_samples" : 0
      },
      "trim" : {
        "io_bytes" : 0,
        "io_kbytes" : 0,
        "bw_bytes" : 0,
        "bw" : 0,
        "iops" : 0.000000,
        "runtime" : 0,
        "total_ios" : 0,
        "short_ios" : 0,
        "drop_ios" : 0,
        "slat_ns" : {
          "min" : 0,
          "max" : 0,
          "mean" : 0.000000,
          "stddev" : 0.000000,
          "N" : 0
        },
        "clat_ns" : {
          "min" : 0,
          "max" : 0,
          "mean" : 0.000000,
          "stddev" : 0.000000,
          "N" : 0
        },
        "lat_ns" : {
          "min" : 0,
          "max" : 0,
          "mean" : 0.000000,
          "stddev" : 0.000000,
          "N" : 0
        },
        "bw_min" : 0,
        "bw_max" : 0,
        "bw_agg" : 0.000000,
        "bw_mean" : 0.000000,
        "bw_dev" : 0.000000,
        "bw_samples" : 0,
        "iops_min" : 0,
        "iops_max" : 0,
        "iops_mean" : 0.000000,
        "iops_stddev" : 0.000000,
        "iops_samples" : 0
      },
      "sync" : {
        "total_ios" : 0,
        "lat_ns" : {
          "min" : 0,
          "max" : 0,
          "mean" : 0.000000,
          "stddev" : 0.000000,
          "N" : 0
        }
      },
      "job_runtime" : 108783,
      "usr_cpu" : 2.569335,
      "sys_cpu" : 8.335861,
      "ctx" : 1241404,
      "majf" : 0,
      "minf" : 129,
      "iodepth_level" : {
        "1" : 100.000000,
        "2" : 0.000000,
        "4" : 0.000000,
        "8" : 0.000000,
        "16" : 0.000000,
        "32" : 0.000000,
        ">=64" : 0.000000
      },
      "iodepth_submit" : {
        "0" : 0.000000,
        "4" : 100.000000,
        "8" : 0.000000,
        "16" : 0.000000,
        "32" : 0.000000,
        "64" : 0.000000,
        ">=64" : 0.000000
      },
      "iodepth_complete" : {
        "0" : 0.000000,
        "4" : 100.000000,
        "8" : 0.000000,
        "16" : 0.000000,
        "32" : 0.000000,
        "64" : 0.000000,
        ">=64" : 0.000000
      },
      "latency_ns" : {
        "2" : 0.000000,
        "4" : 0.000000,
        "10" : 0.000000,
        "20" : 0.000000,
        "50" : 0.000000,
        "100" : 0.000000,
        "250" : 0.000000,
        "500" : 0.000000,
        "750" : 0.000000,
        "1000" : 0.000000
      },
      "latency_us" : {
        "2" : 0.000000,
        "4" : 0.000000,
        "10" : 0.000000,
        "20" : 0.000000,
        "50" : 31.138128,
        "100" : 32.974585,
        "250" : 35.395791,
        "500" : 0.491415,
        "750" : 0.010000,
        "1000" : 0.000000
      },
      "latency_ms" : {
        "2" : 0.000000,
        "4" : 0.000000,
        "10" : 0.000000,
        "20" : 0.000000,
        "50" : 0.000000,
        "100" : 0.000000,
        "250" : 0.000000,
        "500" : 0.000000,
        "750" : 0.000000,
        "1000" : 0.000000,
        "2000" : 0.000000,
        ">=2000" : 0.000000
      },
      "latency_depth" : 1,
      "latency_target" : 0,
      "latency_percentile" : 100.000000,
      "latency_window" : 0
    }
  ],
  "disk_util" : [
    {
      "name" : "nvme0n2",
      "read_ios" : 1240501,
      "write_ios" : 0,
      "read_sectors" : 19848016,
      "write_sectors" : 0,
      "read_merges" : 0,
      "write_merges" : 0,
      "read_ticks" : 97909,
      "write_ticks" : 0,
      "in_queue" : 97909,
      "util" : 99.248120
    }
  ]
}
