{
  "fio version" : "fio-3.36-103-gb140f",
  "timestamp" : 1711941647,
  "timestamp_ms" : 1711941647642,
  "time" : "Sun Mar 31 23:20:47 2024",
  "global options" : {
    "numjobs" : "12",
    "zonemode" : "zbd",
    "job_max_open_zones" : "1",
    "direct" : "1",
    "buffered" : "0",
    "group_reporting" : "1",
    "bs" : "16k",
    "filename" : "/dev/nvme0n2"
  },
  "jobs" : [
    {
      "jobname" : "write",
      "groupid" : 0,
      "job_start" : 1711941636252,
      "error" : 0,
      "eta" : 0,
      "elapsed" : 12,
      "job options" : {
        "ioengine" : "sync",
        "rw" : "write",
        "size" : "1z",
        "offset_increment" : "1z"
      },
      "read" : {
        "io_bytes" : 0,
        "io_kbytes" : 0,
        "bw_bytes" : 0,
        "bw" : 0,
        "iops" : 0.000000,
        "runtime" : 0,
        "total_ios" : 0,
        "short_ios" : 0,
        "drop_ios" : 0,
        "slat_ns" : {
          "min" : 0,
          "max" : 0,
          "mean" : 0.000000,
          "stddev" : 0.000000,
          "N" : 0
        },
        "clat_ns" : {
          "min" : 0,
          "max" : 0,
          "mean" : 0.000000,
          "stddev" : 0.000000,
          "N" : 0
        },
        "lat_ns" : {
          "min" : 0,
          "max" : 0,
          "mean" : 0.000000,
          "stddev" : 0.000000,
          "N" : 0
        },
        "bw_min" : 0,
        "bw_max" : 0,
        "bw_agg" : 0.000000,
        "bw_mean" : 0.000000,
        "bw_dev" : 0.000000,
        "bw_samples" : 0,
        "iops_min" : 0,
        "iops_max" : 0,
        "iops_mean" : 0.000000,
        "iops_stddev" : 0.000000,
        "iops_samples" : 0
      },
      "write" : {
        "io_bytes" : 13551796224,
        "io_kbytes" : 13234176,
        "bw_bytes" : 1214754053,
        "bw" : 1186283,
        "iops" : 74142.703478,
        "runtime" : 11156,
        "total_ios" : 827136,
        "short_ios" : 0,
        "drop_ios" : 0,
        "slat_ns" : {
          "min" : 0,
          "max" : 0,
          "mean" : 0.000000,
          "stddev" : 0.000000,
          "N" : 0
        },
        "clat_ns" : {
          "min" : 20397,
          "max" : 4093656,
          "mean" : 159546.088083,
          "stddev" : 132960.555447,
          "N" : 827136,
          "percentile" : {
            "1.000000" : 35072,
            "5.000000" : 44288,
            "10.000000" : 54016,
            "20.000000" : 72192,
            "30.000000" : 89600,
            "40.000000" : 108032,
            "50.000000" : 130560,
            "60.000000" : 154624,
            "70.000000" : 181248,
            "80.000000" : 222208,
            "90.000000" : 288768,
            "95.000000" : 362496,
            "99.000000" : 585728,
            "99.500000" : 733184,
            "99.900000" : 1466368,
            "99.950000" : 2441216,
            "99.990000" : 2834432
          }
        },
        "lat_ns" : {
          "min" : 20429,
          "max" : 4094028,
          "mean" : 160248.956964,
          "stddev" : 132983.494688,
          "N" : 827136
        },
        "bw_min" : 1136640,
        "bw_max" : 1229056,
        "bw_agg" : 100.000000,
        "bw_mean" : 1188101.818182,
        "bw_dev" : 1980.560023,
        "bw_samples" : 264,
        "iops_min" : 71040,
        "iops_max" : 76816,
        "iops_mean" : 74256.363636,
        "iops_stddev" : 123.785001,
        "iops_samples" : 264
      },
      "trim" : {
        "io_bytes" : 0,
        "io_kbytes" : 0,
        "bw_bytes" : 0,
        "bw" : 0,
        "iops" : 0.000000,
        "runtime" : 0,
        "total_ios" : 0,
        "short_ios" : 0,
        "drop_ios" : 0,
        "slat_ns" : {
          "min" : 0,
          "max" : 0,
          "mean" : 0.000000,
          "stddev" : 0.000000,
          "N" : 0
        },
        "clat_ns" : {
          "min" : 0,
          "max" : 0,
          "mean" : 0.000000,
          "stddev" : 0.000000,
          "N" : 0
        },
        "lat_ns" : {
          "min" : 0,
          "max" : 0,
          "mean" : 0.000000,
          "stddev" : 0.000000,
          "N" : 0
        },
        "bw_min" : 0,
        "bw_max" : 0,
        "bw_agg" : 0.000000,
        "bw_mean" : 0.000000,
        "bw_dev" : 0.000000,
        "bw_samples" : 0,
        "iops_min" : 0,
        "iops_max" : 0,
        "iops_mean" : 0.000000,
        "iops_stddev" : 0.000000,
        "iops_samples" : 0
      },
      "sync" : {
        "total_ios" : 0,
        "lat_ns" : {
          "min" : 0,
          "max" : 0,
          "mean" : 0.000000,
          "stddev" : 0.000000,
          "N" : 0
        }
      },
      "job_runtime" : 133424,
      "usr_cpu" : 2.073090,
      "sys_cpu" : 5.624925,
      "ctx" : 827840,
      "majf" : 0,
      "minf" : 172,
      "iodepth_level" : {
        "1" : 100.000000,
        "2" : 0.000000,
        "4" : 0.000000,
        "8" : 0.000000,
        "16" : 0.000000,
        "32" : 0.000000,
        ">=64" : 0.000000
      },
      "iodepth_submit" : {
        "0" : 0.000000,
        "4" : 100.000000,
        "8" : 0.000000,
        "16" : 0.000000,
        "32" : 0.000000,
        "64" : 0.000000,
        ">=64" : 0.000000
      },
      "iodepth_complete" : {
        "0" : 0.000000,
        "4" : 100.000000,
        "8" : 0.000000,
        "16" : 0.000000,
        "32" : 0.000000,
        "64" : 0.000000,
        ">=64" : 0.000000
      },
      "latency_ns" : {
        "2" : 0.000000,
        "4" : 0.000000,
        "10" : 0.000000,
        "20" : 0.000000,
        "50" : 0.000000,
        "100" : 0.000000,
        "250" : 0.000000,
        "500" : 0.000000,
        "750" : 0.000000,
        "1000" : 0.000000
      },
      "latency_us" : {
        "2" : 0.000000,
        "4" : 0.000000,
        "10" : 0.000000,
        "20" : 0.000000,
        "50" : 7.991793,
        "100" : 27.851647,
        "250" : 49.283794,
        "500" : 13.167968,
        "750" : 1.231478,
        "1000" : 0.274562
      },
      "latency_ms" : {
        "2" : 0.127065,
        "4" : 0.071330,
        "10" : 0.010000,
        "20" : 0.000000,
        "50" : 0.000000,
        "100" : 0.000000,
        "250" : 0.000000,
        "500" : 0.000000,
        "750" : 0.000000,
        "1000" : 0.000000,
        "2000" : 0.000000,
        ">=2000" : 0.000000
      },
      "latency_depth" : 1,
      "latency_target" : 0,
      "latency_percentile" : 100.000000,
      "latency_window" : 0
    }
  ],
  "disk_util" : [
    {
      "name" : "nvme0n2",
      "read_ios" : 144,
      "write_ios" : 826555,
      "read_sectors" : 6264,
      "write_sectors" : 26449760,
      "read_merges" : 0,
      "write_merges" : 0,
      "read_ticks" : 18,
      "write_ticks" : 124309,
      "in_queue" : 124328,
      "util" : 99.172377
    }
  ]
}
