{
  "fio version" : "fio-3.36-103-gb140f",
  "timestamp" : 1711941615,
  "timestamp_ms" : 1711941615153,
  "time" : "Sun Mar 31 23:20:15 2024",
  "global options" : {
    "numjobs" : "9",
    "zonemode" : "zbd",
    "job_max_open_zones" : "1",
    "direct" : "1",
    "buffered" : "0",
    "group_reporting" : "1",
    "bs" : "16k",
    "filename" : "/dev/nvme0n2"
  },
  "jobs" : [
    {
      "jobname" : "write",
      "groupid" : 0,
      "job_start" : 1711941606763,
      "error" : 0,
      "eta" : 0,
      "elapsed" : 9,
      "job options" : {
        "ioengine" : "sync",
        "rw" : "write",
        "size" : "1z",
        "offset_increment" : "1z"
      },
      "read" : {
        "io_bytes" : 0,
        "io_kbytes" : 0,
        "bw_bytes" : 0,
        "bw" : 0,
        "iops" : 0.000000,
        "runtime" : 0,
        "total_ios" : 0,
        "short_ios" : 0,
        "drop_ios" : 0,
        "slat_ns" : {
          "min" : 0,
          "max" : 0,
          "mean" : 0.000000,
          "stddev" : 0.000000,
          "N" : 0
        },
        "clat_ns" : {
          "min" : 0,
          "max" : 0,
          "mean" : 0.000000,
          "stddev" : 0.000000,
          "N" : 0
        },
        "lat_ns" : {
          "min" : 0,
          "max" : 0,
          "mean" : 0.000000,
          "stddev" : 0.000000,
          "N" : 0
        },
        "bw_min" : 0,
        "bw_max" : 0,
        "bw_agg" : 0.000000,
        "bw_mean" : 0.000000,
        "bw_dev" : 0.000000,
        "bw_samples" : 0,
        "iops_min" : 0,
        "iops_max" : 0,
        "iops_mean" : 0.000000,
        "iops_stddev" : 0.000000,
        "iops_samples" : 0
      },
      "write" : {
        "io_bytes" : 10163847168,
        "io_kbytes" : 9925632,
        "bw_bytes" : 1218979031,
        "bw" : 1190409,
        "iops" : 74400.575678,
        "runtime" : 8338,
        "total_ios" : 620352,
        "short_ios" : 0,
        "drop_ios" : 0,
        "slat_ns" : {
          "min" : 0,
          "max" : 0,
          "mean" : 0.000000,
          "stddev" : 0.000000,
          "N" : 0
        },
        "clat_ns" : {
          "min" : 20325,
          "max" : 3480760,
          "mean" : 118842.197062,
          "stddev" : 100901.896050,
          "N" : 620352,
          "percentile" : {
            "1.000000" : 34048,
            "5.000000" : 41216,
            "10.000000" : 46848,
            "20.000000" : 57600,
            "30.000000" : 68096,
            "40.000000" : 79360,
            "50.000000" : 91648,
            "60.000000" : 109056,
            "70.000000" : 130560,
            "80.000000" : 158720,
            "90.000000" : 214016,
            "95.000000" : 276480,
            "99.000000" : 473088,
            "99.500000" : 577536,
            "99.900000" : 962560,
            "99.950000" : 1466368,
            "99.990000" : 2605056
          }
        },
        "lat_ns" : {
          "min" : 20353,
          "max" : 3480937,
          "mean" : 119303.262470,
          "stddev" : 100924.371721,
          "N" : 620352
        },
        "bw_min" : 1151360,
        "bw_max" : 1233280,
        "bw_agg" : 100.000000,
        "bw_mean" : 1193708.000000,
        "bw_dev" : 2589.034304,
        "bw_samples" : 144,
        "iops_min" : 71960,
        "iops_max" : 77080,
        "iops_mean" : 74606.750000,
        "iops_stddev" : 161.814644,
        "iops_samples" : 144
      },
      "trim" : {
        "io_bytes" : 0,
        "io_kbytes" : 0,
        "bw_bytes" : 0,
        "bw" : 0,
        "iops" : 0.000000,
        "runtime" : 0,
        "total_ios" : 0,
        "short_ios" : 0,
        "drop_ios" : 0,
        "slat_ns" : {
          "min" : 0,
          "max" : 0,
          "mean" : 0.000000,
          "stddev" : 0.000000,
          "N" : 0
        },
        "clat_ns" : {
          "min" : 0,
          "max" : 0,
          "mean" : 0.000000,
          "stddev" : 0.000000,
          "N" : 0
        },
        "lat_ns" : {
          "min" : 0,
          "max" : 0,
          "mean" : 0.000000,
          "stddev" : 0.000000,
          "N" : 0
        },
        "bw_min" : 0,
        "bw_max" : 0,
        "bw_agg" : 0.000000,
        "bw_mean" : 0.000000,
        "bw_dev" : 0.000000,
        "bw_samples" : 0,
        "iops_min" : 0,
        "iops_max" : 0,
        "iops_mean" : 0.000000,
        "iops_stddev" : 0.000000,
        "iops_samples" : 0
      },
      "sync" : {
        "total_ios" : 0,
        "lat_ns" : {
          "min" : 0,
          "max" : 0,
          "mean" : 0.000000,
          "stddev" : 0.000000,
          "N" : 0
        }
      },
      "job_runtime" : 74713,
      "usr_cpu" : 2.354343,
      "sys_cpu" : 7.951762,
      "ctx" : 620912,
      "majf" : 0,
      "minf" : 129,
      "iodepth_level" : {
        "1" : 100.000000,
        "2" : 0.000000,
        "4" : 0.000000,
        "8" : 0.000000,
        "16" : 0.000000,
        "32" : 0.000000,
        ">=64" : 0.000000
      },
      "iodepth_submit" : {
        "0" : 0.000000,
        "4" : 100.000000,
        "8" : 0.000000,
        "16" : 0.000000,
        "32" : 0.000000,
        "64" : 0.000000,
        ">=64" : 0.000000
      },
      "iodepth_complete" : {
        "0" : 0.000000,
        "4" : 100.000000,
        "8" : 0.000000,
        "16" : 0.000000,
        "32" : 0.000000,
        "64" : 0.000000,
        ">=64" : 0.000000
      },
      "latency_ns" : {
        "2" : 0.000000,
        "4" : 0.000000,
        "10" : 0.000000,
        "20" : 0.000000,
        "50" : 0.000000,
        "100" : 0.000000,
        "250" : 0.000000,
        "500" : 0.000000,
        "750" : 0.000000,
        "1000" : 0.000000
      },
      "latency_us" : {
        "2" : 0.000000,
        "4" : 0.000000,
        "10" : 0.000000,
        "20" : 0.000000,
        "50" : 12.987304,
        "100" : 42.240212,
        "250" : 38.162366,
        "500" : 5.793001,
        "750" : 0.619809,
        "1000" : 0.103973
      },
      "latency_ms" : {
        "2" : 0.058354,
        "4" : 0.034980,
        "10" : 0.000000,
        "20" : 0.000000,
        "50" : 0.000000,
        "100" : 0.000000,
        "250" : 0.000000,
        "500" : 0.000000,
        "750" : 0.000000,
        "1000" : 0.000000,
        "2000" : 0.000000,
        ">=2000" : 0.000000
      },
      "latency_depth" : 1,
      "latency_target" : 0,
      "latency_percentile" : 100.000000,
      "latency_window" : 0
    }
  ],
  "disk_util" : [
    {
      "name" : "nvme0n2",
      "read_ios" : 0,
      "write_ios" : 606610,
      "read_sectors" : 0,
      "write_sectors" : 19411520,
      "read_merges" : 0,
      "write_merges" : 0,
      "read_ticks" : 0,
      "write_ticks" : 66609,
      "in_queue" : 66608,
      "util" : 98.882953
    }
  ]
}
