{
  "fio version" : "fio-3.36-103-gb140f",
  "timestamp" : 1711941580,
  "timestamp_ms" : 1711941580259,
  "time" : "Sun Mar 31 23:19:40 2024",
  "global options" : {
    "numjobs" : "4",
    "zonemode" : "zbd",
    "job_max_open_zones" : "1",
    "direct" : "1",
    "buffered" : "0",
    "group_reporting" : "1",
    "bs" : "16k",
    "filename" : "/dev/nvme0n2"
  },
  "jobs" : [
    {
      "jobname" : "write",
      "groupid" : 0,
      "job_start" : 1711941576366,
      "error" : 0,
      "eta" : 0,
      "elapsed" : 4,
      "job options" : {
        "ioengine" : "sync",
        "rw" : "write",
        "size" : "1z",
        "offset_increment" : "1z"
      },
      "read" : {
        "io_bytes" : 0,
        "io_kbytes" : 0,
        "bw_bytes" : 0,
        "bw" : 0,
        "iops" : 0.000000,
        "runtime" : 0,
        "total_ios" : 0,
        "short_ios" : 0,
        "drop_ios" : 0,
        "slat_ns" : {
          "min" : 0,
          "max" : 0,
          "mean" : 0.000000,
          "stddev" : 0.000000,
          "N" : 0
        },
        "clat_ns" : {
          "min" : 0,
          "max" : 0,
          "mean" : 0.000000,
          "stddev" : 0.000000,
          "N" : 0
        },
        "lat_ns" : {
          "min" : 0,
          "max" : 0,
          "mean" : 0.000000,
          "stddev" : 0.000000,
          "N" : 0
        },
        "bw_min" : 0,
        "bw_max" : 0,
        "bw_agg" : 0.000000,
        "bw_mean" : 0.000000,
        "bw_dev" : 0.000000,
        "bw_samples" : 0,
        "iops_min" : 0,
        "iops_max" : 0,
        "iops_mean" : 0.000000,
        "iops_stddev" : 0.000000,
        "iops_samples" : 0
      },
      "write" : {
        "io_bytes" : 4517265408,
        "io_kbytes" : 4411392,
        "bw_bytes" : 1204925422,
        "bw" : 1176684,
        "iops" : 73542.811416,
        "runtime" : 3749,
        "total_ios" : 275712,
        "short_ios" : 0,
        "drop_ios" : 0,
        "slat_ns" : {
          "min" : 0,
          "max" : 0,
          "mean" : 0.000000,
          "stddev" : 0.000000,
          "N" : 0
        },
        "clat_ns" : {
          "min" : 20126,
          "max" : 3229323,
          "mean" : 52702.313541,
          "stddev" : 62125.250441,
          "N" : 275712,
          "percentile" : {
            "1.000000" : 29056,
            "5.000000" : 30592,
            "10.000000" : 31616,
            "20.000000" : 33024,
            "30.000000" : 34560,
            "40.000000" : 35584,
            "50.000000" : 37632,
            "60.000000" : 41216,
            "70.000000" : 47360,
            "80.000000" : 61184,
            "90.000000" : 81408,
            "95.000000" : 111104,
            "99.000000" : 236544,
            "99.500000" : 329728,
            "99.900000" : 651264,
            "99.950000" : 946176,
            "99.990000" : 2506752
          }
        },
        "lat_ns" : {
          "min" : 20157,
          "max" : 3229484,
          "mean" : 53026.939752,
          "stddev" : 62146.707112,
          "N" : 275712
        },
        "bw_min" : 1138400,
        "bw_max" : 1215136,
        "bw_agg" : 100.000000,
        "bw_mean" : 1185558.857143,
        "bw_dev" : 6656.811509,
        "bw_samples" : 28,
        "iops_min" : 71150,
        "iops_max" : 75946,
        "iops_mean" : 74097.428571,
        "iops_stddev" : 416.050719,
        "iops_samples" : 28
      },
      "trim" : {
        "io_bytes" : 0,
        "io_kbytes" : 0,
        "bw_bytes" : 0,
        "bw" : 0,
        "iops" : 0.000000,
        "runtime" : 0,
        "total_ios" : 0,
        "short_ios" : 0,
        "drop_ios" : 0,
        "slat_ns" : {
          "min" : 0,
          "max" : 0,
          "mean" : 0.000000,
          "stddev" : 0.000000,
          "N" : 0
        },
        "clat_ns" : {
          "min" : 0,
          "max" : 0,
          "mean" : 0.000000,
          "stddev" : 0.000000,
          "N" : 0
        },
        "lat_ns" : {
          "min" : 0,
          "max" : 0,
          "mean" : 0.000000,
          "stddev" : 0.000000,
          "N" : 0
        },
        "bw_min" : 0,
        "bw_max" : 0,
        "bw_agg" : 0.000000,
        "bw_mean" : 0.000000,
        "bw_dev" : 0.000000,
        "bw_samples" : 0,
        "iops_min" : 0,
        "iops_max" : 0,
        "iops_mean" : 0.000000,
        "iops_stddev" : 0.000000,
        "iops_samples" : 0
      },
      "sync" : {
        "total_ios" : 0,
        "lat_ns" : {
          "min" : 0,
          "max" : 0,
          "mean" : 0.000000,
          "stddev" : 0.000000,
          "N" : 0
        }
      },
      "job_runtime" : 14832,
      "usr_cpu" : 4.180151,
      "sys_cpu" : 15.601402,
      "ctx" : 275781,
      "majf" : 0,
      "minf" : 52,
      "iodepth_level" : {
        "1" : 100.000000,
        "2" : 0.000000,
        "4" : 0.000000,
        "8" : 0.000000,
        "16" : 0.000000,
        "32" : 0.000000,
        ">=64" : 0.000000
      },
      "iodepth_submit" : {
        "0" : 0.000000,
        "4" : 100.000000,
        "8" : 0.000000,
        "16" : 0.000000,
        "32" : 0.000000,
        "64" : 0.000000,
        ">=64" : 0.000000
      },
      "iodepth_complete" : {
        "0" : 0.000000,
        "4" : 100.000000,
        "8" : 0.000000,
        "16" : 0.000000,
        "32" : 0.000000,
        "64" : 0.000000,
        ">=64" : 0.000000
      },
      "latency_ns" : {
        "2" : 0.000000,
        "4" : 0.000000,
        "10" : 0.000000,
        "20" : 0.000000,
        "50" : 0.000000,
        "100" : 0.000000,
        "250" : 0.000000,
        "500" : 0.000000,
        "750" : 0.000000,
        "1000" : 0.000000
      },
      "latency_us" : {
        "2" : 0.000000,
        "4" : 0.000000,
        "10" : 0.000000,
        "20" : 0.000000,
        "50" : 72.706302,
        "100" : 21.323337,
        "250" : 5.074861,
        "500" : 0.693477,
        "750" : 0.130208,
        "1000" : 0.024301
      },
      "latency_ms" : {
        "2" : 0.020311,
        "4" : 0.027202,
        "10" : 0.000000,
        "20" : 0.000000,
        "50" : 0.000000,
        "100" : 0.000000,
        "250" : 0.000000,
        "500" : 0.000000,
        "750" : 0.000000,
        "1000" : 0.000000,
        "2000" : 0.000000,
        ">=2000" : 0.000000
      },
      "latency_depth" : 1,
      "latency_target" : 0,
      "latency_percentile" : 100.000000,
      "latency_window" : 0
    }
  ],
  "disk_util" : [
    {
      "name" : "nvme0n2",
      "read_ios" : 0,
      "write_ios" : 269551,
      "read_sectors" : 0,
      "write_sectors" : 8625632,
      "read_merges" : 0,
      "write_merges" : 0,
      "read_ticks" : 0,
      "write_ticks" : 12049,
      "in_queue" : 12049,
      "util" : 97.459214
    }
  ]
}
