{
  "fio version" : "fio-3.36-103-gb140f",
  "timestamp" : 1711941591,
  "timestamp_ms" : 1711941591469,
  "time" : "Sun Mar 31 23:19:51 2024",
  "global options" : {
    "numjobs" : "6",
    "zonemode" : "zbd",
    "job_max_open_zones" : "1",
    "direct" : "1",
    "buffered" : "0",
    "group_reporting" : "1",
    "bs" : "16k",
    "filename" : "/dev/nvme0n2"
  },
  "jobs" : [
    {
      "jobname" : "write",
      "groupid" : 0,
      "job_start" : 1711941585828,
      "error" : 0,
      "eta" : 0,
      "elapsed" : 6,
      "job options" : {
        "ioengine" : "sync",
        "rw" : "write",
        "size" : "1z",
        "offset_increment" : "1z"
      },
      "read" : {
        "io_bytes" : 0,
        "io_kbytes" : 0,
        "bw_bytes" : 0,
        "bw" : 0,
        "iops" : 0.000000,
        "runtime" : 0,
        "total_ios" : 0,
        "short_ios" : 0,
        "drop_ios" : 0,
        "slat_ns" : {
          "min" : 0,
          "max" : 0,
          "mean" : 0.000000,
          "stddev" : 0.000000,
          "N" : 0
        },
        "clat_ns" : {
          "min" : 0,
          "max" : 0,
          "mean" : 0.000000,
          "stddev" : 0.000000,
          "N" : 0
        },
        "lat_ns" : {
          "min" : 0,
          "max" : 0,
          "mean" : 0.000000,
          "stddev" : 0.000000,
          "N" : 0
        },
        "bw_min" : 0,
        "bw_max" : 0,
        "bw_agg" : 0.000000,
        "bw_mean" : 0.000000,
        "bw_dev" : 0.000000,
        "bw_samples" : 0,
        "iops_min" : 0,
        "iops_max" : 0,
        "iops_mean" : 0.000000,
        "iops_stddev" : 0.000000,
        "iops_samples" : 0
      },
      "write" : {
        "io_bytes" : 6775898112,
        "io_kbytes" : 6617088,
        "bw_bytes" : 1216717204,
        "bw" : 1188200,
        "iops" : 74262.524690,
        "runtime" : 5569,
        "total_ios" : 413568,
        "short_ios" : 0,
        "drop_ios" : 0,
        "slat_ns" : {
          "min" : 0,
          "max" : 0,
          "mean" : 0.000000,
          "stddev" : 0.000000,
          "N" : 0
        },
        "clat_ns" : {
          "min" : 20601,
          "max" : 2766265,
          "mean" : 78903.720162,
          "stddev" : 74884.241750,
          "N" : 413568,
          "percentile" : {
            "1.000000" : 31616,
            "5.000000" : 34560,
            "10.000000" : 37120,
            "20.000000" : 40704,
            "30.000000" : 45312,
            "40.000000" : 50432,
            "50.000000" : 58624,
            "60.000000" : 69120,
            "70.000000" : 80384,
            "80.000000" : 97792,
            "90.000000" : 140288,
            "95.000000" : 181248,
            "99.000000" : 342016,
            "99.500000" : 452608,
            "99.900000" : 856064,
            "99.950000" : 1122304,
            "99.990000" : 2211840
          }
        },
        "lat_ns" : {
          "min" : 20630,
          "max" : 2766425,
          "mean" : 79442.059209,
          "stddev" : 74933.661300,
          "N" : 413568
        },
        "bw_min" : 1134976,
        "bw_max" : 1243008,
        "bw_agg" : 100.000000,
        "bw_mean" : 1191979.927273,
        "bw_dev" : 5814.286593,
        "bw_samples" : 65,
        "iops_min" : 70936,
        "iops_max" : 77688,
        "iops_mean" : 74498.745455,
        "iops_stddev" : 363.392912,
        "iops_samples" : 65
      },
      "trim" : {
        "io_bytes" : 0,
        "io_kbytes" : 0,
        "bw_bytes" : 0,
        "bw" : 0,
        "iops" : 0.000000,
        "runtime" : 0,
        "total_ios" : 0,
        "short_ios" : 0,
        "drop_ios" : 0,
        "slat_ns" : {
          "min" : 0,
          "max" : 0,
          "mean" : 0.000000,
          "stddev" : 0.000000,
          "N" : 0
        },
        "clat_ns" : {
          "min" : 0,
          "max" : 0,
          "mean" : 0.000000,
          "stddev" : 0.000000,
          "N" : 0
        },
        "lat_ns" : {
          "min" : 0,
          "max" : 0,
          "mean" : 0.000000,
          "stddev" : 0.000000,
          "N" : 0
        },
        "bw_min" : 0,
        "bw_max" : 0,
        "bw_agg" : 0.000000,
        "bw_mean" : 0.000000,
        "bw_dev" : 0.000000,
        "bw_samples" : 0,
        "iops_min" : 0,
        "iops_max" : 0,
        "iops_mean" : 0.000000,
        "iops_stddev" : 0.000000,
        "iops_samples" : 0
      },
      "sync" : {
        "total_ios" : 0,
        "lat_ns" : {
          "min" : 0,
          "max" : 0,
          "mean" : 0.000000,
          "stddev" : 0.000000,
          "N" : 0
        }
      },
      "job_runtime" : 33231,
      "usr_cpu" : 2.909933,
      "sys_cpu" : 11.633716,
      "ctx" : 413783,
      "majf" : 0,
      "minf" : 86,
      "iodepth_level" : {
        "1" : 100.000000,
        "2" : 0.000000,
        "4" : 0.000000,
        "8" : 0.000000,
        "16" : 0.000000,
        "32" : 0.000000,
        ">=64" : 0.000000
      },
      "iodepth_submit" : {
        "0" : 0.000000,
        "4" : 100.000000,
        "8" : 0.000000,
        "16" : 0.000000,
        "32" : 0.000000,
        "64" : 0.000000,
        ">=64" : 0.000000
      },
      "iodepth_complete" : {
        "0" : 0.000000,
        "4" : 100.000000,
        "8" : 0.000000,
        "16" : 0.000000,
        "32" : 0.000000,
        "64" : 0.000000,
        ">=64" : 0.000000
      },
      "latency_ns" : {
        "2" : 0.000000,
        "4" : 0.000000,
        "10" : 0.000000,
        "20" : 0.000000,
        "50" : 0.000000,
        "100" : 0.000000,
        "250" : 0.000000,
        "500" : 0.000000,
        "750" : 0.000000,
        "1000" : 0.000000
      },
      "latency_us" : {
        "2" : 0.000000,
        "4" : 0.000000,
        "10" : 0.000000,
        "20" : 0.000000,
        "50" : 39.044365,
        "100" : 41.830848,
        "250" : 16.845114,
        "500" : 1.894973,
        "750" : 0.228499,
        "1000" : 0.094301
      },
      "latency_ms" : {
        "2" : 0.050294,
        "4" : 0.011606,
        "10" : 0.000000,
        "20" : 0.000000,
        "50" : 0.000000,
        "100" : 0.000000,
        "250" : 0.000000,
        "500" : 0.000000,
        "750" : 0.000000,
        "1000" : 0.000000,
        "2000" : 0.000000,
        ">=2000" : 0.000000
      },
      "latency_depth" : 1,
      "latency_target" : 0,
      "latency_percentile" : 100.000000,
      "latency_window" : 0
    }
  ],
  "disk_util" : [
    {
      "name" : "nvme0n2",
      "read_ios" : 0,
      "write_ios" : 400906,
      "read_sectors" : 0,
      "write_sectors" : 12828992,
      "read_merges" : 0,
      "write_merges" : 0,
      "read_ticks" : 0,
      "write_ticks" : 28226,
      "in_queue" : 28225,
      "util" : 98.268635
    }
  ]
}
