{
  "fio version" : "fio-3.36-103-gb140f",
  "timestamp" : 1711941598,
  "timestamp_ms" : 1711941598473,
  "time" : "Sun Mar 31 23:19:58 2024",
  "global options" : {
    "numjobs" : "7",
    "zonemode" : "zbd",
    "job_max_open_zones" : "1",
    "direct" : "1",
    "buffered" : "0",
    "group_reporting" : "1",
    "bs" : "16k",
    "filename" : "/dev/nvme0n2"
  },
  "jobs" : [
    {
      "jobname" : "write",
      "groupid" : 0,
      "job_start" : 1711941591831,
      "error" : 0,
      "eta" : 0,
      "elapsed" : 7,
      "job options" : {
        "ioengine" : "sync",
        "rw" : "write",
        "size" : "1z",
        "offset_increment" : "1z"
      },
      "read" : {
        "io_bytes" : 0,
        "io_kbytes" : 0,
        "bw_bytes" : 0,
        "bw" : 0,
        "iops" : 0.000000,
        "runtime" : 0,
        "total_ios" : 0,
        "short_ios" : 0,
        "drop_ios" : 0,
        "slat_ns" : {
          "min" : 0,
          "max" : 0,
          "mean" : 0.000000,
          "stddev" : 0.000000,
          "N" : 0
        },
        "clat_ns" : {
          "min" : 0,
          "max" : 0,
          "mean" : 0.000000,
          "stddev" : 0.000000,
          "N" : 0
        },
        "lat_ns" : {
          "min" : 0,
          "max" : 0,
          "mean" : 0.000000,
          "stddev" : 0.000000,
          "N" : 0
        },
        "bw_min" : 0,
        "bw_max" : 0,
        "bw_agg" : 0.000000,
        "bw_mean" : 0.000000,
        "bw_dev" : 0.000000,
        "bw_samples" : 0,
        "iops_min" : 0,
        "iops_max" : 0,
        "iops_mean" : 0.000000,
        "iops_stddev" : 0.000000,
        "iops_samples" : 0
      },
      "write" : {
        "io_bytes" : 7905214464,
        "io_kbytes" : 7719936,
        "bw_bytes" : 1215065241,
        "bw" : 1186587,
        "iops" : 74161.696895,
        "runtime" : 6506,
        "total_ios" : 482496,
        "short_ios" : 0,
        "drop_ios" : 0,
        "slat_ns" : {
          "min" : 0,
          "max" : 0,
          "mean" : 0.000000,
          "stddev" : 0.000000,
          "N" : 0
        },
        "clat_ns" : {
          "min" : 19845,
          "max" : 2873069,
          "mean" : 92116.479478,
          "stddev" : 85897.870058,
          "N" : 482496,
          "percentile" : {
            "1.000000" : 32384,
            "5.000000" : 36608,
            "10.000000" : 39680,
            "20.000000" : 45824,
            "30.000000" : 51968,
            "40.000000" : 60160,
            "50.000000" : 70144,
            "60.000000" : 80384,
            "70.000000" : 94720,
            "80.000000" : 120320,
            "90.000000" : 162816,
            "95.000000" : 216064,
            "99.000000" : 391168,
            "99.500000" : 509952,
            "99.900000" : 929792,
            "99.950000" : 1286144,
            "99.990000" : 2572288
          }
        },
        "lat_ns" : {
          "min" : 19873,
          "max" : 2874762,
          "mean" : 92682.170733,
          "stddev" : 85939.987575,
          "N" : 482496
        },
        "bw_min" : 1150752,
        "bw_max" : 1250880,
        "bw_agg" : 100.000000,
        "bw_mean" : 1193887.589744,
        "bw_dev" : 4488.503303,
        "bw_samples" : 85,
        "iops_min" : 71922,
        "iops_max" : 78180,
        "iops_mean" : 74617.974359,
        "iops_stddev" : 280.531456,
        "iops_samples" : 85
      },
      "trim" : {
        "io_bytes" : 0,
        "io_kbytes" : 0,
        "bw_bytes" : 0,
        "bw" : 0,
        "iops" : 0.000000,
        "runtime" : 0,
        "total_ios" : 0,
        "short_ios" : 0,
        "drop_ios" : 0,
        "slat_ns" : {
          "min" : 0,
          "max" : 0,
          "mean" : 0.000000,
          "stddev" : 0.000000,
          "N" : 0
        },
        "clat_ns" : {
          "min" : 0,
          "max" : 0,
          "mean" : 0.000000,
          "stddev" : 0.000000,
          "N" : 0
        },
        "lat_ns" : {
          "min" : 0,
          "max" : 0,
          "mean" : 0.000000,
          "stddev" : 0.000000,
          "N" : 0
        },
        "bw_min" : 0,
        "bw_max" : 0,
        "bw_agg" : 0.000000,
        "bw_mean" : 0.000000,
        "bw_dev" : 0.000000,
        "bw_samples" : 0,
        "iops_min" : 0,
        "iops_max" : 0,
        "iops_mean" : 0.000000,
        "iops_stddev" : 0.000000,
        "iops_samples" : 0
      },
      "sync" : {
        "total_ios" : 0,
        "lat_ns" : {
          "min" : 0,
          "max" : 0,
          "mean" : 0.000000,
          "stddev" : 0.000000,
          "N" : 0
        }
      },
      "job_runtime" : 45227,
      "usr_cpu" : 3.075596,
      "sys_cpu" : 9.456740,
      "ctx" : 482881,
      "majf" : 0,
      "minf" : 93,
      "iodepth_level" : {
        "1" : 100.000000,
        "2" : 0.000000,
        "4" : 0.000000,
        "8" : 0.000000,
        "16" : 0.000000,
        "32" : 0.000000,
        ">=64" : 0.000000
      },
      "iodepth_submit" : {
        "0" : 0.000000,
        "4" : 100.000000,
        "8" : 0.000000,
        "16" : 0.000000,
        "32" : 0.000000,
        "64" : 0.000000,
        ">=64" : 0.000000
      },
      "iodepth_complete" : {
        "0" : 0.000000,
        "4" : 100.000000,
        "8" : 0.000000,
        "16" : 0.000000,
        "32" : 0.000000,
        "64" : 0.000000,
        ">=64" : 0.000000
      },
      "latency_ns" : {
        "2" : 0.000000,
        "4" : 0.000000,
        "10" : 0.000000,
        "20" : 0.000000,
        "50" : 0.000000,
        "100" : 0.000000,
        "250" : 0.000000,
        "500" : 0.000000,
        "750" : 0.000000,
        "1000" : 0.000000
      },
      "latency_us" : {
        "2" : 0.000000,
        "4" : 0.000000,
        "10" : 0.000000,
        "20" : 0.010000,
        "50" : 27.367481,
        "100" : 45.189183,
        "250" : 24.053671,
        "500" : 2.865516,
        "750" : 0.346739,
        "1000" : 0.095130
      },
      "latency_ms" : {
        "2" : 0.060726,
        "4" : 0.021347,
        "10" : 0.000000,
        "20" : 0.000000,
        "50" : 0.000000,
        "100" : 0.000000,
        "250" : 0.000000,
        "500" : 0.000000,
        "750" : 0.000000,
        "1000" : 0.000000,
        "2000" : 0.000000,
        ">=2000" : 0.000000
      },
      "latency_depth" : 1,
      "latency_target" : 0,
      "latency_percentile" : 100.000000,
      "latency_window" : 0
    }
  ],
  "disk_util" : [
    {
      "name" : "nvme0n2",
      "read_ios" : 0,
      "write_ios" : 475281,
      "read_sectors" : 0,
      "write_sectors" : 15208992,
      "read_merges" : 0,
      "write_merges" : 0,
      "read_ticks" : 0,
      "write_ticks" : 39824,
      "in_queue" : 39824,
      "util" : 98.612396
    }
  ]
}
