{
  "fio version" : "fio-3.36-103-gb140f",
  "timestamp" : 1711941606,
  "timestamp_ms" : 1711941606365,
  "time" : "Sun Mar 31 23:20:06 2024",
  "global options" : {
    "numjobs" : "8",
    "zonemode" : "zbd",
    "job_max_open_zones" : "1",
    "direct" : "1",
    "buffered" : "0",
    "group_reporting" : "1",
    "bs" : "16k",
    "filename" : "/dev/nvme0n2"
  },
  "jobs" : [
    {
      "jobname" : "write",
      "groupid" : 0,
      "job_start" : 1711941598860,
      "error" : 0,
      "eta" : 0,
      "elapsed" : 8,
      "job options" : {
        "ioengine" : "sync",
        "rw" : "write",
        "size" : "1z",
        "offset_increment" : "1z"
      },
      "read" : {
        "io_bytes" : 0,
        "io_kbytes" : 0,
        "bw_bytes" : 0,
        "bw" : 0,
        "iops" : 0.000000,
        "runtime" : 0,
        "total_ios" : 0,
        "short_ios" : 0,
        "drop_ios" : 0,
        "slat_ns" : {
          "min" : 0,
          "max" : 0,
          "mean" : 0.000000,
          "stddev" : 0.000000,
          "N" : 0
        },
        "clat_ns" : {
          "min" : 0,
          "max" : 0,
          "mean" : 0.000000,
          "stddev" : 0.000000,
          "N" : 0
        },
        "lat_ns" : {
          "min" : 0,
          "max" : 0,
          "mean" : 0.000000,
          "stddev" : 0.000000,
          "N" : 0
        },
        "bw_min" : 0,
        "bw_max" : 0,
        "bw_agg" : 0.000000,
        "bw_mean" : 0.000000,
        "bw_dev" : 0.000000,
        "bw_samples" : 0,
        "iops_min" : 0,
        "iops_max" : 0,
        "iops_mean" : 0.000000,
        "iops_stddev" : 0.000000,
        "iops_samples" : 0
      },
      "write" : {
        "io_bytes" : 9034530816,
        "io_kbytes" : 8822784,
        "bw_bytes" : 1216935724,
        "bw" : 1188413,
        "iops" : 74275.862069,
        "runtime" : 7424,
        "total_ios" : 551424,
        "short_ios" : 0,
        "drop_ios" : 0,
        "slat_ns" : {
          "min" : 0,
          "max" : 0,
          "mean" : 0.000000,
          "stddev" : 0.000000,
          "N" : 0
        },
        "clat_ns" : {
          "min" : 20083,
          "max" : 4006861,
          "mean" : 105722.266419,
          "stddev" : 95046.250306,
          "N" : 551424,
          "percentile" : {
            "1.000000" : 34048,
            "5.000000" : 39680,
            "10.000000" : 43776,
            "20.000000" : 51456,
            "30.000000" : 60160,
            "40.000000" : 70144,
            "50.000000" : 80384,
            "60.000000" : 93696,
            "70.000000" : 113152,
            "80.000000" : 140288,
            "90.000000" : 187392,
            "95.000000" : 246784,
            "99.000000" : 428032,
            "99.500000" : 528384,
            "99.900000" : 970752,
            "99.950000" : 1466368,
            "99.990000" : 2703360
          }
        },
        "lat_ns" : {
          "min" : 20116,
          "max" : 4007026,
          "mean" : 106345.875997,
          "stddev" : 95077.109062,
          "N" : 551424
        },
        "bw_min" : 1143776,
        "bw_max" : 1238413,
        "bw_agg" : 100.000000,
        "bw_mean" : 1192384.571429,
        "bw_dev" : 3355.620384,
        "bw_samples" : 112,
        "iops_min" : 71486,
        "iops_max" : 77400,
        "iops_mean" : 74523.928571,
        "iops_stddev" : 209.710371,
        "iops_samples" : 112
      },
      "trim" : {
        "io_bytes" : 0,
        "io_kbytes" : 0,
        "bw_bytes" : 0,
        "bw" : 0,
        "iops" : 0.000000,
        "runtime" : 0,
        "total_ios" : 0,
        "short_ios" : 0,
        "drop_ios" : 0,
        "slat_ns" : {
          "min" : 0,
          "max" : 0,
          "mean" : 0.000000,
          "stddev" : 0.000000,
          "N" : 0
        },
        "clat_ns" : {
          "min" : 0,
          "max" : 0,
          "mean" : 0.000000,
          "stddev" : 0.000000,
          "N" : 0
        },
        "lat_ns" : {
          "min" : 0,
          "max" : 0,
          "mean" : 0.000000,
          "stddev" : 0.000000,
          "N" : 0
        },
        "bw_min" : 0,
        "bw_max" : 0,
        "bw_agg" : 0.000000,
        "bw_mean" : 0.000000,
        "bw_dev" : 0.000000,
        "bw_samples" : 0,
        "iops_min" : 0,
        "iops_max" : 0,
        "iops_mean" : 0.000000,
        "iops_stddev" : 0.000000,
        "iops_samples" : 0
      },
      "sync" : {
        "total_ios" : 0,
        "lat_ns" : {
          "min" : 0,
          "max" : 0,
          "mean" : 0.000000,
          "stddev" : 0.000000,
          "N" : 0
        }
      },
      "job_runtime" : 59170,
      "usr_cpu" : 2.829136,
      "sys_cpu" : 8.416427,
      "ctx" : 551824,
      "majf" : 0,
      "minf" : 108,
      "iodepth_level" : {
        "1" : 100.000000,
        "2" : 0.000000,
        "4" : 0.000000,
        "8" : 0.000000,
        "16" : 0.000000,
        "32" : 0.000000,
        ">=64" : 0.000000
      },
      "iodepth_submit" : {
        "0" : 0.000000,
        "4" : 100.000000,
        "8" : 0.000000,
        "16" : 0.000000,
        "32" : 0.000000,
        "64" : 0.000000,
        ">=64" : 0.000000
      },
      "iodepth_complete" : {
        "0" : 0.000000,
        "4" : 100.000000,
        "8" : 0.000000,
        "16" : 0.000000,
        "32" : 0.000000,
        "64" : 0.000000,
        ">=64" : 0.000000
      },
      "latency_ns" : {
        "2" : 0.000000,
        "4" : 0.000000,
        "10" : 0.000000,
        "20" : 0.000000,
        "50" : 0.000000,
        "100" : 0.000000,
        "250" : 0.000000,
        "500" : 0.000000,
        "750" : 0.000000,
        "1000" : 0.000000
      },
      "latency_us" : {
        "2" : 0.000000,
        "4" : 0.000000,
        "10" : 0.000000,
        "20" : 0.000000,
        "50" : 18.010279,
        "100" : 45.709472,
        "250" : 31.456919,
        "500" : 4.225786,
        "750" : 0.411480,
        "1000" : 0.092669
      },
      "latency_ms" : {
        "2" : 0.057125,
        "4" : 0.036088,
        "10" : 0.010000,
        "20" : 0.000000,
        "50" : 0.000000,
        "100" : 0.000000,
        "250" : 0.000000,
        "500" : 0.000000,
        "750" : 0.000000,
        "1000" : 0.000000,
        "2000" : 0.000000,
        ">=2000" : 0.000000
      },
      "latency_depth" : 1,
      "latency_target" : 0,
      "latency_percentile" : 100.000000,
      "latency_window" : 0
    }
  ],
  "disk_util" : [
    {
      "name" : "nvme0n2",
      "read_ios" : 51,
      "write_ios" : 549729,
      "read_sectors" : 2112,
      "write_sectors" : 17591328,
      "read_merges" : 0,
      "write_merges" : 0,
      "read_ticks" : 8,
      "write_ticks" : 53238,
      "in_queue" : 53246,
      "util" : 98.731134
    }
  ]
}
