{
  "fio version" : "fio-3.36-103-gb140f",
  "timestamp" : 1711941541,
  "timestamp_ms" : 1711941541314,
  "time" : "Sun Mar 31 23:19:01 2024",
  "global options" : {
    "numjobs" : "12",
    "zonemode" : "zbd",
    "job_max_open_zones" : "1",
    "direct" : "1",
    "buffered" : "0",
    "group_reporting" : "1",
    "bs" : "8k",
    "filename" : "/dev/nvme0n2"
  },
  "jobs" : [
    {
      "jobname" : "write",
      "groupid" : 0,
      "job_start" : 1711941529924,
      "error" : 0,
      "eta" : 0,
      "elapsed" : 12,
      "job options" : {
        "ioengine" : "sync",
        "rw" : "write",
        "size" : "1z",
        "offset_increment" : "1z"
      },
      "read" : {
        "io_bytes" : 0,
        "io_kbytes" : 0,
        "bw_bytes" : 0,
        "bw" : 0,
        "iops" : 0.000000,
        "runtime" : 0,
        "total_ios" : 0,
        "short_ios" : 0,
        "drop_ios" : 0,
        "slat_ns" : {
          "min" : 0,
          "max" : 0,
          "mean" : 0.000000,
          "stddev" : 0.000000,
          "N" : 0
        },
        "clat_ns" : {
          "min" : 0,
          "max" : 0,
          "mean" : 0.000000,
          "stddev" : 0.000000,
          "N" : 0
        },
        "lat_ns" : {
          "min" : 0,
          "max" : 0,
          "mean" : 0.000000,
          "stddev" : 0.000000,
          "N" : 0
        },
        "bw_min" : 0,
        "bw_max" : 0,
        "bw_agg" : 0.000000,
        "bw_mean" : 0.000000,
        "bw_dev" : 0.000000,
        "bw_samples" : 0,
        "iops_min" : 0,
        "iops_max" : 0,
        "iops_mean" : 0.000000,
        "iops_stddev" : 0.000000,
        "iops_samples" : 0
      },
      "write" : {
        "io_bytes" : 13551796224,
        "io_kbytes" : 13234176,
        "bw_bytes" : 1215407733,
        "bw" : 1186921,
        "iops" : 148365.201794,
        "runtime" : 11150,
        "total_ios" : 1654272,
        "short_ios" : 0,
        "drop_ios" : 0,
        "slat_ns" : {
          "min" : 0,
          "max" : 0,
          "mean" : 0.000000,
          "stddev" : 0.000000,
          "N" : 0
        },
        "clat_ns" : {
          "min" : 12930,
          "max" : 3266986,
          "mean" : 79155.523175,
          "stddev" : 74135.668603,
          "N" : 1654272,
          "percentile" : {
            "1.000000" : 24704,
            "5.000000" : 29056,
            "10.000000" : 33024,
            "20.000000" : 40704,
            "30.000000" : 47872,
            "40.000000" : 56064,
            "50.000000" : 64768,
            "60.000000" : 73216,
            "70.000000" : 82432,
            "80.000000" : 98816,
            "90.000000" : 136192,
            "95.000000" : 171008,
            "99.000000" : 321536,
            "99.500000" : 415744,
            "99.900000" : 798720,
            "99.950000" : 1122304,
            "99.990000" : 2506752
          }
        },
        "lat_ns" : {
          "min" : 12968,
          "max" : 3267120,
          "mean" : 79444.424553,
          "stddev" : 74160.745916,
          "N" : 1654272
        },
        "bw_min" : 1111104,
        "bw_max" : 1255680,
        "bw_agg" : 100.000000,
        "bw_mean" : 1188960.727273,
        "bw_dev" : 3128.721627,
        "bw_samples" : 264,
        "iops_min" : 138888,
        "iops_max" : 156960,
        "iops_mean" : 148620.090909,
        "iops_stddev" : 391.090203,
        "iops_samples" : 264
      },
      "trim" : {
        "io_bytes" : 0,
        "io_kbytes" : 0,
        "bw_bytes" : 0,
        "bw" : 0,
        "iops" : 0.000000,
        "runtime" : 0,
        "total_ios" : 0,
        "short_ios" : 0,
        "drop_ios" : 0,
        "slat_ns" : {
          "min" : 0,
          "max" : 0,
          "mean" : 0.000000,
          "stddev" : 0.000000,
          "N" : 0
        },
        "clat_ns" : {
          "min" : 0,
          "max" : 0,
          "mean" : 0.000000,
          "stddev" : 0.000000,
          "N" : 0
        },
        "lat_ns" : {
          "min" : 0,
          "max" : 0,
          "mean" : 0.000000,
          "stddev" : 0.000000,
          "N" : 0
        },
        "bw_min" : 0,
        "bw_max" : 0,
        "bw_agg" : 0.000000,
        "bw_mean" : 0.000000,
        "bw_dev" : 0.000000,
        "bw_samples" : 0,
        "iops_min" : 0,
        "iops_max" : 0,
        "iops_mean" : 0.000000,
        "iops_stddev" : 0.000000,
        "iops_samples" : 0
      },
      "sync" : {
        "total_ios" : 0,
        "lat_ns" : {
          "min" : 0,
          "max" : 0,
          "mean" : 0.000000,
          "stddev" : 0.000000,
          "N" : 0
        }
      },
      "job_runtime" : 133289,
      "usr_cpu" : 3.640210,
      "sys_cpu" : 10.168881,
      "ctx" : 1657054,
      "majf" : 0,
      "minf" : 182,
      "iodepth_level" : {
        "1" : 100.000000,
        "2" : 0.000000,
        "4" : 0.000000,
        "8" : 0.000000,
        "16" : 0.000000,
        "32" : 0.000000,
        ">=64" : 0.000000
      },
      "iodepth_submit" : {
        "0" : 0.000000,
        "4" : 100.000000,
        "8" : 0.000000,
        "16" : 0.000000,
        "32" : 0.000000,
        "64" : 0.000000,
        ">=64" : 0.000000
      },
      "iodepth_complete" : {
        "0" : 0.000000,
        "4" : 100.000000,
        "8" : 0.000000,
        "16" : 0.000000,
        "32" : 0.000000,
        "64" : 0.000000,
        ">=64" : 0.000000
      },
      "latency_ns" : {
        "2" : 0.000000,
        "4" : 0.000000,
        "10" : 0.000000,
        "20" : 0.000000,
        "50" : 0.000000,
        "100" : 0.000000,
        "250" : 0.000000,
        "500" : 0.000000,
        "750" : 0.000000,
        "1000" : 0.000000
      },
      "latency_us" : {
        "2" : 0.000000,
        "4" : 0.000000,
        "10" : 0.000000,
        "20" : 0.077194,
        "50" : 32.863278,
        "100" : 47.524772,
        "250" : 17.615664,
        "500" : 1.594357,
        "750" : 0.207523,
        "1000" : 0.057608
      },
      "latency_ms" : {
        "2" : 0.036088,
        "4" : 0.023515,
        "10" : 0.000000,
        "20" : 0.000000,
        "50" : 0.000000,
        "100" : 0.000000,
        "250" : 0.000000,
        "500" : 0.000000,
        "750" : 0.000000,
        "1000" : 0.000000,
        "2000" : 0.000000,
        ">=2000" : 0.000000
      },
      "latency_depth" : 1,
      "latency_target" : 0,
      "latency_percentile" : 100.000000,
      "latency_window" : 0
    }
  ],
  "disk_util" : [
    {
      "name" : "nvme0n2",
      "read_ios" : 147,
      "write_ios" : 1653074,
      "read_sectors" : 6288,
      "write_sectors" : 26449184,
      "read_merges" : 0,
      "write_merges" : 0,
      "read_ticks" : 20,
      "write_ticks" : 116355,
      "in_queue" : 116375,
      "util" : 99.163254
    }
  ]
}
