{
  "fio version" : "fio-3.36-103-gb140f",
  "timestamp" : 1711941567,
  "timestamp_ms" : 1711941567561,
  "time" : "Sun Mar 31 23:19:27 2024",
  "global options" : {
    "numjobs" : "14",
    "zonemode" : "zbd",
    "job_max_open_zones" : "1",
    "direct" : "1",
    "buffered" : "0",
    "group_reporting" : "1",
    "bs" : "8k",
    "filename" : "/dev/nvme0n2"
  },
  "jobs" : [
    {
      "jobname" : "write",
      "groupid" : 0,
      "job_start" : 1711941554421,
      "error" : 0,
      "eta" : 0,
      "elapsed" : 14,
      "job options" : {
        "ioengine" : "sync",
        "rw" : "write",
        "size" : "1z",
        "offset_increment" : "1z"
      },
      "read" : {
        "io_bytes" : 0,
        "io_kbytes" : 0,
        "bw_bytes" : 0,
        "bw" : 0,
        "iops" : 0.000000,
        "runtime" : 0,
        "total_ios" : 0,
        "short_ios" : 0,
        "drop_ios" : 0,
        "slat_ns" : {
          "min" : 0,
          "max" : 0,
          "mean" : 0.000000,
          "stddev" : 0.000000,
          "N" : 0
        },
        "clat_ns" : {
          "min" : 0,
          "max" : 0,
          "mean" : 0.000000,
          "stddev" : 0.000000,
          "N" : 0
        },
        "lat_ns" : {
          "min" : 0,
          "max" : 0,
          "mean" : 0.000000,
          "stddev" : 0.000000,
          "N" : 0
        },
        "bw_min" : 0,
        "bw_max" : 0,
        "bw_agg" : 0.000000,
        "bw_mean" : 0.000000,
        "bw_dev" : 0.000000,
        "bw_samples" : 0,
        "iops_min" : 0,
        "iops_max" : 0,
        "iops_mean" : 0.000000,
        "iops_stddev" : 0.000000,
        "iops_samples" : 0
      },
      "write" : {
        "io_bytes" : 15810428928,
        "io_kbytes" : 15439872,
        "bw_bytes" : 1216373975,
        "bw" : 1187865,
        "iops" : 148483.151254,
        "runtime" : 12998,
        "total_ios" : 1929984,
        "short_ios" : 0,
        "drop_ios" : 0,
        "slat_ns" : {
          "min" : 0,
          "max" : 0,
          "mean" : 0.000000,
          "stddev" : 0.000000,
          "N" : 0
        },
        "clat_ns" : {
          "min" : 14506,
          "max" : 3696999,
          "mean" : 92371.771672,
          "stddev" : 85196.303351,
          "N" : 1929984,
          "percentile" : {
            "1.000000" : 26752,
            "5.000000" : 33024,
            "10.000000" : 38656,
            "20.000000" : 47872,
            "30.000000" : 56576,
            "40.000000" : 66048,
            "50.000000" : 74240,
            "60.000000" : 82432,
            "70.000000" : 95744,
            "80.000000" : 119296,
            "90.000000" : 156672,
            "95.000000" : 203776,
            "99.000000" : 362496,
            "99.500000" : 481280,
            "99.900000" : 962560,
            "99.950000" : 1581056,
            "99.990000" : 2539520
          }
        },
        "lat_ns" : {
          "min" : 14533,
          "max" : 3697944,
          "mean" : 92756.877993,
          "stddev" : 85230.315913,
          "N" : 1929984
        },
        "bw_min" : 1109568,
        "bw_max" : 1250144,
        "bw_agg" : 100.000000,
        "bw_mean" : 1190474.240000,
        "bw_dev" : 2525.998439,
        "bw_samples" : 350,
        "iops_min" : 138696,
        "iops_max" : 156268,
        "iops_mean" : 148809.280000,
        "iops_stddev" : 315.749805,
        "iops_samples" : 350
      },
      "trim" : {
        "io_bytes" : 0,
        "io_kbytes" : 0,
        "bw_bytes" : 0,
        "bw" : 0,
        "iops" : 0.000000,
        "runtime" : 0,
        "total_ios" : 0,
        "short_ios" : 0,
        "drop_ios" : 0,
        "slat_ns" : {
          "min" : 0,
          "max" : 0,
          "mean" : 0.000000,
          "stddev" : 0.000000,
          "N" : 0
        },
        "clat_ns" : {
          "min" : 0,
          "max" : 0,
          "mean" : 0.000000,
          "stddev" : 0.000000,
          "N" : 0
        },
        "lat_ns" : {
          "min" : 0,
          "max" : 0,
          "mean" : 0.000000,
          "stddev" : 0.000000,
          "N" : 0
        },
        "bw_min" : 0,
        "bw_max" : 0,
        "bw_agg" : 0.000000,
        "bw_mean" : 0.000000,
        "bw_dev" : 0.000000,
        "bw_samples" : 0,
        "iops_min" : 0,
        "iops_max" : 0,
        "iops_mean" : 0.000000,
        "iops_stddev" : 0.000000,
        "iops_samples" : 0
      },
      "sync" : {
        "total_ios" : 0,
        "lat_ns" : {
          "min" : 0,
          "max" : 0,
          "mean" : 0.000000,
          "stddev" : 0.000000,
          "N" : 0
        }
      },
      "job_runtime" : 181243,
      "usr_cpu" : 3.249781,
      "sys_cpu" : 9.119249,
      "ctx" : 1934582,
      "majf" : 0,
      "minf" : 206,
      "iodepth_level" : {
        "1" : 100.000000,
        "2" : 0.000000,
        "4" : 0.000000,
        "8" : 0.000000,
        "16" : 0.000000,
        "32" : 0.000000,
        ">=64" : 0.000000
      },
      "iodepth_submit" : {
        "0" : 0.000000,
        "4" : 100.000000,
        "8" : 0.000000,
        "16" : 0.000000,
        "32" : 0.000000,
        "64" : 0.000000,
        ">=64" : 0.000000
      },
      "iodepth_complete" : {
        "0" : 0.000000,
        "4" : 100.000000,
        "8" : 0.000000,
        "16" : 0.000000,
        "32" : 0.000000,
        "64" : 0.000000,
        ">=64" : 0.000000
      },
      "latency_ns" : {
        "2" : 0.000000,
        "4" : 0.000000,
        "10" : 0.000000,
        "20" : 0.000000,
        "50" : 0.000000,
        "100" : 0.000000,
        "250" : 0.000000,
        "500" : 0.000000,
        "750" : 0.000000,
        "1000" : 0.000000
      },
      "latency_us" : {
        "2" : 0.000000,
        "4" : 0.000000,
        "10" : 0.000000,
        "20" : 0.029897,
        "50" : 22.560239,
        "100" : 49.383415,
        "250" : 25.230365,
        "500" : 2.339294,
        "750" : 0.284925,
        "1000" : 0.080001
      },
      "latency_ms" : {
        "2" : 0.060985,
        "4" : 0.030881,
        "10" : 0.000000,
        "20" : 0.000000,
        "50" : 0.000000,
        "100" : 0.000000,
        "250" : 0.000000,
        "500" : 0.000000,
        "750" : 0.000000,
        "1000" : 0.000000,
        "2000" : 0.000000,
        ">=2000" : 0.000000
      },
      "latency_depth" : 1,
      "latency_target" : 0,
      "latency_percentile" : 100.000000,
      "latency_window" : 0
    }
  ],
  "disk_util" : [
    {
      "name" : "nvme0n2",
      "read_ios" : 96,
      "write_ios" : 1916858,
      "read_sectors" : 4176,
      "write_sectors" : 30669744,
      "read_merges" : 0,
      "write_merges" : 0,
      "read_ticks" : 13,
      "write_ticks" : 159785,
      "in_queue" : 159798,
      "util" : 99.291436
    }
  ]
}
